x,y
0.0037611,0
0.3768,0
0.37367,0
0.41023,0
0.060023,0
0.115,0
0.062202,0
0.29605,0
0.10008,0
0.065804,0
0.45957,0.10037
0.44388,0.39036
0.33991,0.47549
0.046117,0.47478
0.028672,0.28079
0.21166,0.21336
0.24727,0.2044
0.25896,0.29299
0.25737,0.26241
0.47268,0.23949
0.26498,0.53283
0.39815,0.52598
0.22854,0.55291
0.33902,0.38065
0.31399,0.29512
0.27731,0.33987
0.28684,0.36645
0.10526,0.39077
0.28091,0.3338
0.38448,0.46537
0.37269,0.48978
0.06534,0.57092
0.45356,0.41316
0.45082,0.53817
0.039315,0.58689
0.48269,0.42433
0.44288,0.53215
0.10588,0.45583
0.2637,0.391
0.12338,0.46454
0.26822,0.42138
0.15997,0.3538
0.22792,0.39602
0.4162,0.46331
0.39336,0.36753
0.054624,0.57353
0.073744,0.43507
0.27241,0.33625
0.34616,0.37928
0.42809,0.35732
0.43019,0.45238
0.38665,0.43201
0.042695,0.45236
0.37316,0.35847
0.10034,0.502
0.24791,0.36622
0.32745,0.31184
0.42193,0.38891
0.40735,0.51355
0.28709,0.62182
0.16026,0.60859
0.27302,0.51415
0.29526,0.39096
0.38718,0.47202
0.02291,0.41057
0.21702,0.32609
0.30988,0.37875
0.01617,0.49734
0.20088,0.3768
0.086242,0.38615
0.042048,0.32079
0.074192,0.27879
0.35217,0.27
0.038052,0.43571
0.25425,0.31221
0.1827,0.33236
0.41887,0.34427
0.022117,0.27463
0.45865,0.2348
0.20606,0.26722
0.19309,0.23419
0.23748,0.22669
0.47919,0.32669
0.13604,0.27418
0.39567,0.27289
0.06775,0.32834
0.29748,0.28677
0.094634,0.23499
0.45784,0.26717
0.34232,0.35799
0.0040652,0.35684
0.23768,0.26082
0.10519,0.38778
0.15278,0.2965
0.0013863,0.32485
0.41507,0.24798
0.39939,0.39707
0.31709,0.338
0.18029,0.47384
0.32206,0.41627
0.27548,0.29969
0.030258,0.33971
0.19682,0.26651
0.23576,0.27037
0.19939,0.22722
0.24358,0.32953
0.35552,0.40012
0.21014,0.45638
0.43239,0.37314
0.42528,0.48387
0.45806,0.50428
0.031038,0.36413
0.29069,0.28532
0.17062,0.3411
0.24634,0.31757
0.38706,0.3465
0.35544,0.47745
0.45143,0.44956
0.21252,0.61629
0.22783,0.54945
0.12782,0.53817
0.14338,0.38272
0.2991,0.3597
0.22056,0.36321
0.32669,0.37038
0.14647,0.48326
0.073292,0.43398
0.2547,0.37848
0.3952,0.37944
0.37199,0.4293
0.43861,0.38852
0.14013,0.38799
0.27805,0.35636
0.36485,0.36965
0.35187,0.4632
0.37198,0.41053
0.35516,0.34611
0.48495,0.40718
0.4844,0.58981
0.39768,0.66958
0.43083,0.70944
0.39857,0.57046
0.45748,0.57692
0.38321,0.67093
0.17783,0.68517
0.029299,0.59786
0.23577,0.46905
0.35006,0.55168
0.49585,0.68787
0.024539,0.815
0.16887,0.61848
0.1853,0.57958
0.14704,0.58222
0.075913,0.54136
0.4063,0.44854
0.10153,0.38455
0.35713,0.36045
0.4304,0.49604
0.10664,0.70569
0.30903,0.51083
0.38478,0.46505
0.34606,0.46445
0.14856,0.43083
0.46656,0.34973
0.35789,0.56999
0.24244,0.46052
0.041279,0.47887
0.38692,0.3884
0.15325,0.3721
0.19765,0.36622
0.40922,0.40352
0.2354,0.51993
0.21858,0.42126
0.17144,0.47056
0.3142,0.43794
0.29492,0.44022
0.19745,0.34496
0.17987,0.38992
0.28296,0.33956
0.13248,0.35594
0.17078,0.3615
0.45412,0.34253
0.39447,0.41852
0.49404,0.40865
0.252,0.53389
0.34792,0.47671
0.3005,0.44073
0.35668,0.40294
0.26332,0.45449
0.17882,0.38402
0.070138,0.34212
0.2723,0.32234
0.38774,0.42526
0.04309,0.60403
0.055571,0.42998
0.40944,0.35007
0.010585,0.46232
0.48324,0.34093
0.29506,0.4633
0.33072,0.41367
0.37003,0.34482
0.20924,0.42625
0.018082,0.44037
0.36563,0.32743
0.3289,0.29418
0.30504,0.44707
0.45816,0.32749
0.26106,0.59299
0.065168,0.51434
0.14719,0.39281
0.019371,0.38021
0.38389,0.29891
0.012615,0.2601
0.44243,0.23483
0.23831,0.43267
0.065517,0.42281
0.10115,0.35341
0.21739,0.31425
0.25657,0.27216
0.18544,0.28404
0.11439,0.23681
0.014583,0.27374
0.17602,0.22462
0.11123,0.31845
0.2054,0.28518
0.026281,0.24831
0.30634,0.21338
0.062861,0.2924
0.3852,0.25064
0.38756,0.31527
0.037228,0.30299
0.3649,0.23299
0.35603,0.29752
0.090101,0.28967
0.12272,0.25418
0.1256,0.21537
0.48339,0.25102
0.27806,0.2548
0.1874,0.37104
0.13916,0.37192
0.36168,0.27219
0.20734,0.41787
0.24734,0.39868
0.25183,0.31476
0.38518,0.28992
0.033635,0.30531
0.14961,0.26556
0.24002,0.28538
0.082691,0.30006
0.37113,0.25562
0.32251,0.41772
0.32756,0.39352
0.042013,0.40307
0.21792,0.3019
0.018361,0.36506
0.028856,0.27055
0.0046312,0.23172
0.071401,0.20854
0.0061318,0.20424
0.40322,0.19585
0.28357,0.38312
0.27199,0.41092
0.049641,0.30154
0.19987,0.25001
0.18927,0.21578
0.063296,0.20176
0.17588,0.18723
0.17345,0.19896
0.39006,0.18665
0.4263,0.41554
0.11196,0.46316
0.079101,0.3502
0.14847,0.25947
0.029614,0.25775
0.29615,0.221
0.22356,0.22471
0.16132,0.25746
0.28225,0.2557
0.38319,0.37882
0.18092,0.51709
0.42827,0.36787
0.14258,0.31801
0.36896,0.27578
0.020749,0.24151
0.29121,0.2186
0.36261,0.29663
0.46841,0.32312
0.20636,0.44684
0.36217,0.42828
0.1442,0.4003
0.095384,0.37911
0.33811,0.29722
0.23792,0.42544
0.080768,0.30857
0.35071,0.28223
0.24655,0.42605
0.48673,0.48023
0.21879,0.48776
0.37891,0.46067
0.16901,0.41109
0.35402,0.32887
0.096781,0.44247
0.14519,0.35695
0.18237,0.2958
0.077689,0.34343
0.33956,0.30102
0.38837,0.49704
0.16503,0.47412
0.32138,0.42876
0.055734,0.39327
0.4541,0.32351
0.24418,0.32536
0.4841,0.31161
0.4376,0.38347
0.0076059,0.33854
0.47082,0.26936
0.20812,0.50553
0.37285,0.39805
0.21156,0.47235
0.36161,0.34727
0.26624,0.51431
0.35282,0.45122
0.017864,0.58162
0.045362,0.41015
0.39408,0.31151
0.49137,0.53814
0.0046514,0.53672
0.38046,0.38603
0.28412,0.42435
0.14545,0.47692
0.19558,0.41159
0.35009,0.42018
0.1918,0.32991
0.31077,0.28206
0.039478,0.42639
0.42546,0.34724
0.15622,0.27731
0.28849,0.32478
0.060942,0.38081
0.29393,0.29755
0.43865,0.32754
0.32765,0.48452
0.11333,0.42388
0.087577,0.3557
0.17365,0.27674
0.024945,0.34221
0.35634,0.26824
0.096603,0.38138
0.42877,0.29072
0.29643,0.42639
0.36459,0.49923
0.4684,0.52253
0.47234,0.43533
0.43361,0.37533
0.22593,0.39719
0.20546,0.30583
0.20688,0.36124
0.070147,0.31051
0.15192,0.29919
0.31678,0.31614
0.23777,0.42851
0.49159,0.47599
0.16024,0.67928
0.38539,0.54213
0.15305,0.50482
0.054503,0.40522
0.17416,0.32607
0.39091,0.28605
0.078521,0.33587
0.025597,0.31029
0.21221,0.26884
0.49256,0.39271
0.040555,0.41575
0.46143,0.32691
0.061236,0.3624
0.25041,0.27588
0.20525,0.29371
0.057214,0.35646
0.078527,0.27319
0.1962,0.22972
0.11561,0.26807
0.075322,0.30866
0.41838,0.24519
0.34378,0.49918
0.29906,0.35901
0.30657,0.37584
0.35395,0.36744
0.13866,0.30092
0.37965,0.25517
0.40917,0.32922
0.11624,0.32419
0.42944,0.26493
0.47861,0.49298
0.036437,0.58267
0.028976,0.39755
0.18732,0.30596
0.035414,0.34663
0.011352,0.27375
0.27289,0.2375
0.30846,0.38096
0.071888,0.33678
0.0099686,0.30829
0.032815,0.25611
0.11194,0.2225
0.087176,0.20573
0.36824,0.21578
0.3534,0.21433
0.31084,0.19873
0.48252,0.31247
0.27178,0.45842
0.14868,0.32939
0.2039,0.24586
0.10295,0.21649
0.054917,0.21059
0.21928,0.19782
0.12817,0.30618
0.040641,0.30098
0.11532,0.25103
0.056033,0.29429
0.070821,0.25249
0.051115,0.22443
0.025171,0.21102
0.43949,0.1932
0.004561,0.21775
0.23597,0.19349
0.29646,0.22707
0.083816,0.21305
0.16505,0.20268
0.018363,0.19727
0.12278,0.18216
0.16988,0.18285
0.051438,0.17974
0.29118,0.20571
0.091176,0.18429
0.098436,0.2057
0.38643,0.22585
0.46411,0.23869
0.3969,0.31044
0.26273,0.23686
0.47634,0.24493
0.30029,0.32199
0.45901,0.25767
0.47799,0.40912
0.4959,0.34202
0.17119,0.32359
0.15903,0.34341
0.010553,0.36574
0.31706,0.27371
0.24997,0.34975
0.14167,0.44005
0.34408,0.37123
0.2503,0.51279
0.30883,0.52897
0.16712,0.59028
0.2151,0.44099
0.49466,0.37659
0.2703,0.30083
0.46913,0.38175
0.19967,0.47237
0.2012,0.38844
0.40748,0.40514
0.27694,0.46362
0.36455,0.46819
0.28987,0.43223
0.042028,0.41246
0.018048,0.33951
0.23297,0.27817
0.095921,0.40361
0.34284,0.33182
0.47244,0.3681
0.076843,0.57103
0.07423,0.4194
0.21717,0.3508
0.075937,0.3682
0.14835,0.286
0.47346,0.24296
0.33866,0.38232
0.013923,0.33462
0.041484,0.2687
0.084904,0.25827
0.21363,0.23224
0.13143,0.22996
0.21619,0.24577
0.48273,0.23337
0.28264,0.3091
0.052018,0.43576
0.47395,0.32099
0.26243,0.25224
0.41383,0.22714
0.1718,0.25202
0.40873,0.26517
0.49444,0.29688
0.27654,0.39153
0.47652,0.47612
0.15377,0.52168
0.033534,0.35822
0.31012,0.29152
0.31924,0.35811
0.14855,0.46717
0.1545,0.36435
0.3268,0.37309
0.28349,0.52703
0.1496,0.4845
0.26101,0.45455
0.092029,0.39203
0.28349,0.30203
0.1639,0.3831
0.062989,0.37207
0.22927,0.3023
0.24233,0.30361
0.273,0.36899
0.034155,0.39856
0.26506,0.30219
0.48837,0.34851
0.29342,0.3325
0.16477,0.38128
0.14897,0.32148
0.086791,0.26568
0.14917,0.25372
0.20102,0.2719
0.075735,0.308
0.21727,0.24531
0.4061,0.29715
0.29149,0.53159
0.28531,0.47306
0.11331,0.39165
0.0054284,0.3086
0.40955,0.24493
0.048617,0.30585
0.2693,0.25807
0.44043,0.25142
0.43627,0.36055
0.25377,0.53562
0.33296,0.4697
0.10165,0.46794
0.33623,0.34176
0.3484,0.26583
0.43834,0.44033
0.12174,0.34546
0.22158,0.31736
0.23069,0.40183
0.10304,0.4508
0.11502,0.36545
0.24834,0.33773
0.084501,0.30225
0.38176,0.28722
0.16586,0.43615
0.43548,0.42025
0.33517,0.3826
0.19499,0.39699
0.38799,0.36163
0.3588,0.3361
0.27389,0.32368
0.42507,0.35714
0.035044,0.32538
0.33091,0.27669
0.17964,0.31537
0.20187,0.36708
0.48015,0.3748
0.26409,0.41725
0.055285,0.45095
0.0023716,0.34496
0.27832,0.26575
0.41063,0.40363
0.42759,0.31415
0.111,0.46194
0.28104,0.35432
0.39738,0.35792
0.40914,0.56061
0.26702,0.54046
0.41451,0.39385
0.46729,0.29835
0.20049,0.44353
0.36056,0.44811
0.097236,0.55919
0.3236,0.40748
0.10797,0.44757
0.20234,0.39837
0.23447,0.43327
0.36174,0.41857
0.3995,0.5394
0.42753,0.66034
0.13499,0.5837
0.36645,0.49101
0.096278,0.422
0.098198,0.37465
0.31487,0.31763
0.38894,0.36453
0.23441,0.43008
0.27172,0.45518
0.44065,0.50495
0.46434,0.65031
0.16332,0.5385
0.0093435,0.4738
0.065437,0.35084
0.27671,0.29314
0.20374,0.38281
0.28985,0.41877
0.33613,0.42174
0.06749,0.4582
0.396,0.38501
0.47955,0.5755
0.038383,0.51382
0.29292,0.36448
0.23889,0.31398
0.19906,0.35815
0.45104,0.34336
0.069643,0.47041
0.27714,0.37513
0.36613,0.31859
0.23996,0.47707
0.16505,0.51378
0.42196,0.36764
0.49104,0.46743
0.48355,0.5098
0.45266,0.50442
0.13775,0.66723
0.36417,0.47041
0.31282,0.50239
0.23262,0.54305
0.46227,0.48304
0.020084,0.48083
0.1997,0.37708
0.39132,0.45459
0.16657,0.63369
0.22524,0.56533
0.35466,0.46249
0.25074,0.54748
0.20152,0.52013
0.45888,0.45815
0.11538,0.66978
0.084679,0.47753
0.30414,0.39198
0.1571,0.49766
0.47732,0.41855
0.17432,0.49166
0.068103,0.46156
0.28448,0.37796
0.42021,0.38943
0.18033,0.59631
0.14323,0.45239
0.49968,0.35694
0.0029328,0.51418
0.47787,0.37209
0.38861,0.63622
0.16298,0.54036
0.23315,0.40567
0.35872,0.41534
0.24977,0.54788
0.41709,0.46444
0.31572,0.43821
0.36197,0.57089
0.15773,0.41288
0.3844,0.4361
0.1798,0.56105
0.28131,0.44672
0.1645,0.43736
0.30105,0.42317
0.19311,0.44001
0.10599,0.4547
0.30165,0.39167
0.39476,0.47087
0.34071,0.44
0.18337,0.52749
0.075711,0.42884
0.3018,0.35625
0.25549,0.35919
0.23481,0.40021
0.083354,0.37351
0.080934,0.30379
0.033882,0.2893
0.30357,0.26398
0.24066,0.38374
0.24217,0.35205
0.41843,0.29492
0.028968,0.42769
0.11886,0.31315
0.031728,0.28908
0.026423,0.23826
0.18913,0.21228
0.40966,0.20582
0.15166,0.37896
0.34588,0.3271
0.0033037,0.37348
0.058841,0.27127
0.1412,0.22513
0.3054,0.22462
0.35205,0.21276
0.094066,0.20618
0.083816,0.21573
0.14296,0.24471
0.35516,0.23873
0.10177,0.3862
0.12917,0.26655
0.16535,0.22457
0.00026178,0.22985
0.1464,0.19723
0.062088,0.26037
0.16318,0.21903
0.38355,0.21342
0.043002,0.27274
0.47925,0.23894
0.11872,0.27482
0.010041,0.23839
0.2626,0.20225
0.39373,0.18451
0.094542,0.26305
0.13495,0.21886
0.36898,0.22414
0.25304,0.40565
0.14636,0.2892
0.41099,0.3287
0.095485,0.31502
0.44365,0.23799
0.11805,0.37792
0.46889,0.33685
0.044421,0.31803
0.38827,0.25294
0.23595,0.42981
0.13164,0.38925
0.3555,0.30943
0.47927,0.46298
0.30871,0.38695
0.39724,0.48928
0.23834,0.40895
0.10067,0.4677
0.11021,0.33858
0.27699,0.33239
0.18567,0.36448
0.42193,0.31799
0.027916,0.48206
0.48081,0.36234
0.28664,0.50293
0.40097,0.52394
0.35035,0.50797
0.29711,0.41198
0.31521,0.35809
0.18901,0.41295
0.45039,0.36417
0.16076,0.57158
0.38704,0.40675
0.09293,0.59111
0.020984,0.45477
0.094227,0.35372
0.37953,0.33404
0.28623,0.44049
0.38375,0.46191
0.16697,0.4488
0.12608,0.44679
0.48154,0.36519
0.29883,0.5677
0.12408,0.43869
0.2249,0.3301
0.33497,0.29993
0.42559,0.44266
0.27833,0.50942
0.19142,0.52285
0.26646,0.41909
0.10153,0.36712
0.18311,0.36171
0.46246,0.36763
0.29912,0.37097
0.46658,0.38623
0.49063,0.52847
0.21647,0.68474
0.081129,0.55049
0.37243,0.41393
0.31756,0.46514
0.026807,0.39248
0.084938,0.31384
0.093819,0.32328
0.27531,0.31068
0.15558,0.45376
0.1723,0.45129
0.12245,0.38971
0.45797,0.31101
0.12466,0.50863
0.18031,0.41166
0.40526,0.31033
0.30747,0.30345
0.30797,0.29156
0.2992,0.3692
0.38011,0.35075
0.30555,0.36831
0.028982,0.33318
0.40218,0.27913
0.23179,0.30816
0.26424,0.30638
0.047267,0.40188
0.070763,0.30891
0.28196,0.2766
0.032163,0.3552
0.34851,0.2833
0.14488,0.39035
0.28103,0.2867
0.46696,0.40137
0.39158,0.44937
0.12873,0.46776
0.38668,0.33415
0.31086,0.30067
0.36055,0.37497
0.40614,0.2982
0.018013,0.45526
0.10983,0.32605
0.29059,0.30434
0.28217,0.45133
0.48958,0.48604
0.088408,0.43267
0.4372,0.3625
0.36728,0.48134
0.48208,0.53865
0.22076,0.66668
0.044272,0.45613
0.034975,0.3469
0.24633,0.29783
0.46536,0.36092
0.14152,0.62996
0.36481,0.45181
0.26346,0.57854
0.46827,0.55781
0.12882,0.74221
0.47985,0.55417
0.49939,0.436
0.27623,0.36504
0.29361,0.40237
0.16261,0.52785
0.23831,0.43132
0.41091,0.46865
0.12346,0.52164
0.36794,0.47381
0.25704,0.42987
0.21619,0.51308
0.27948,0.5331
0.077974,0.50012
0.070569,0.40445
0.30275,0.3357
0.0064874,0.38634
0.35858,0.30812
0.20391,0.32672
0.10207,0.37935
0.11132,0.33125
0.16322,0.30202
0.19949,0.31653
0.4061,0.27512
0.083939,0.27182
0.35287,0.2636
0.22692,0.22418
0.018453,0.32292
0.14012,0.25117
0.26765,0.2337
0.25648,0.24743
0.37509,0.27053
0.27838,0.32961
0.48018,0.4128
0.23976,0.34266
0.34616,0.37937
0.26834,0.38881
0.19894,0.28587
0.23851,0.27249
0.099575,0.3206
0.34406,0.28659
0.044272,0.42669
0.15638,0.32
0.24998,0.36361
0.28388,0.36056
0.094156,0.41694
0.040586,0.33474
0.4267,0.26924
0.37731,0.37882
0.37702,0.33587
0.099512,0.454
0.21359,0.3259
0.21674,0.30588
0.40731,0.32726
0.30961,0.42904
0.25039,0.34919
0.071922,0.28128
0.023623,0.27903
0.37578,0.24544
0.48351,0.42704
0.22011,0.3734
0.20562,0.34496
0.28331,0.32833
0.048864,0.42717
0.043101,0.32527
0.28087,0.26876
0.17629,0.25528
0.059422,0.22463
0.34186,0.23705
0.39856,0.45713
0.46593,0.44283
0.31453,0.44988
0.43638,0.44547
0.094147,0.34433
0.13296,0.26879
0.21589,0.28227
0.099961,0.28986
0.12589,0.24576
0.39886,0.28084
0.23549,0.47195
0.39127,0.48928
0.15439,0.51868
0.44952,0.45099
0.49704,0.38092
0.42924,0.38348
0.045268,0.42679
0.2684,0.31887
0.016467,0.3096
0.31243,0.26514
0.21386,0.34314
0.15038,0.39514
0.47024,0.3283
0.45156,0.57469
0.019554,0.71614
0.23143,0.47285
0.24987,0.3557
0.29005,0.37987
0.074592,0.29977
0.12424,0.2868
0.21478,0.28544
0.36256,0.29252
0.22488,0.50188
0.43596,0.50742
0.32394,0.36899
0.21792,0.39236
0.4001,0.3714
0.067394,0.45395
0.40455,0.32908
0.0071494,0.33648
0.12288,0.26784
0.21777,0.29836
0.42909,0.32007
0.45272,0.53497
0.011146,0.57873
0.27704,0.38963
0.3342,0.45875
0.45688,0.36242
0.20681,0.55622
0.37405,0.38321
0.45761,0.36343
0.3009,0.43566
0.27892,0.51984
0.06983,0.56448
0.0063343,0.40069
0.09491,0.31168
0.37588,0.30897
0.17426,0.51528
0.29082,0.42096
0.42629,0.47837
0.31566,0.63943
0.47547,0.58123
0.2484,0.61108
0.33661,0.45698
0.19586,0.34825
0.36256,0.31371
0.28179,0.47185
0.35926,0.42933
0.17947,0.48751
0.14023,0.47845
0.21116,0.42519
0.17512,0.47603
0.3865,0.41513
0.37397,0.50899
0.39649,0.47338
0.21991,0.56367
0.17306,0.49535
0.22402,0.45958
0.39103,0.4081
0.19702,0.40066
0.090586,0.37528
0.21474,0.32225
0.40137,0.39242
0.16949,0.5292
0.12818,0.47651
0.42444,0.39061
0.44916,0.41037
0.25279,0.4595
0.25959,0.48181
0.033282,0.42337
0.089861,0.32174
0.30147,0.29316
0.13541,0.4307
0.44729,0.35445
0.23708,0.36397
0.42426,0.43164
0.47425,0.60103
0.38002,0.58519
0.3837,0.54897
0.34779,0.40336
0.26169,0.3553
0.11376,0.40252
0.34213,0.33397
0.0026827,0.50288
0.3131,0.36569
0.22884,0.4918
0.32932,0.52322
0.15148,0.56275
0.48923,0.48236
0.27904,0.60663
0.34297,0.53187
0.426,0.44583
0.46225,0.56041
0.3287,0.41215
0.0016611,0.4807
0.13079,0.3673
0.2218,0.36613
0.021162,0.3484
0.13226,0.30021
0.03232,0.31176
0.34815,0.27445
0.44467,0.45787
0.082414,0.6345
0.13466,0.45641
0.39504,0.32849
0.13528,0.33921
0.1512,0.31151
0.46583,0.25686
0.3449,0.31662
0.053278,0.27009
0.23618,0.25809
0.19351,0.3818
0.077061,0.3063
0.45917,0.25685
0.079424,0.488
0.075244,0.34024
0.21176,0.27334
0.25744,0.37299
0.32005,0.40596
0.11578,0.31544
0.25847,0.28926
0.17675,0.31141
0.15042,0.26617
0.48962,0.32763
0.4278,0.31216
0.071614,0.29211
0.26508,0.25663
0.18488,0.31977
0.10165,0.33419
0.067932,0.26845
0.13457,0.24684
0.18712,0.24596
0.045989,0.2513
0.064812,0.24504
0.088304,0.24907
0.40438,0.21795
0.11682,0.35489
0.2987,0.28737
0.17249,0.27057
0.3214,0.23443
0.35173,0.26572
0.49083,0.31328
0.30279,0.26997
0.025481,0.24699
0.17757,0.21094
0.43518,0.29917
0.26801,0.30719
0.31049,0.3538
0.13502,0.33551
0.31885,0.31334
0.23163,0.40791
0.24332,0.45528
0.10581,0.41994
0.14712,0.30037
0.39195,0.28041
0.38337,0.48867
0.22267,0.4902
0.49522,0.44502
0.38948,0.4214
0.37437,0.49745
0.43497,0.48394
0.36441,0.50757
0.26184,0.42012
0.24531,0.37488
0.0006666,0.43935
0.47122,0.33255
0.26098,0.43053
0.41178,0.51672
0.1307,0.6099
0.48566,0.49704
0.28294,0.68061
0.28,0.62251
0.21204,0.54999
0.15874,0.48201
0.25895,0.36915
0.10937,0.48774
0.16278,0.41708
0.088136,0.43479
0.22564,0.35969
0.24263,0.46042
0.4628,0.45307
0.42085,0.53533
0.26001,0.51622
0.097741,0.43333
0.15719,0.36474
0.037232,0.31659
0.41211,0.272
0.046571,0.29247
0.19527,0.26205
0.33792,0.30086
0.38079,0.48121
0.22107,0.57557
0.18076,0.46868
0.44361,0.35539
0.36487,0.37677
0.19224,0.30314
0.19647,0.36568
0.0062426,0.29257
0.16913,0.24493
0.038538,0.30531
0.22942,0.27115
0.22725,0.30567
0.28192,0.30359
0.45132,0.42609
0.086779,0.54291
0.074092,0.37913
0.23462,0.30073
0.38059,0.24312
0.10544,0.30988
0.24965,0.25155
0.073454,0.30331
0.4214,0.26708
0.18214,0.40276
0.1802,0.41314
0.49904,0.31791
0.28798,0.30152
0.2645,0.33871
0.31552,0.40594
0.4639,0.33891
0.33303,0.432
0.37153,0.34236
0.44035,0.49849
0.32502,0.46436
0.40414,0.41663
0.43968,0.60785
0.48111,0.59831
0.019413,0.60331
0.091341,0.4322
0.37679,0.39553
0.17163,0.50163
0.45633,0.46805
0.4803,0.65853
0.42856,0.70118
0.41509,0.75888
0.46941,0.81867
0.1622,0.92735
0.29352,0.67344
0.087338,0.55557
0.086465,0.49545
0.39414,0.43337
0.35796,0.64044
0.10991,0.76338
0.088066,0.65799
0.18762,0.57346
0.30933,0.59164
0.21121,0.53947
0.30239,0.51463
0.27555,0.44236
0.24709,0.39346
0.25288,0.47331
0.24537,0.51007
0.013517,0.43272
0.49904,0.34257
0.0082786,0.42567
0.41538,0.33085
0.20898,0.40372
0.33275,0.40209
0.35331,0.44173
0.31243,0.45526
0.33189,0.4511
0.25448,0.45212
0.16352,0.33434
0.072295,0.39023
0.00084176,0.29771
0.37245,0.24877
0.48951,0.33961
0.49908,0.51096
0.13906,0.61797
0.015315,0.47719
0.28282,0.34908
0.17597,0.38281
0.16521,0.33359
0.41825,0.28384
0.27414,0.2402
0.35274,0.37066
0.11286,0.54259
0.069619,0.45874
0.39643,0.34519
0.15555,0.27797
0.077621,0.2992
0.28089,0.26313
0.11804,0.29348
0.40557,0.31162
0.010285,0.41328
0.07605,0.30332
0.030532,0.25708
0.14724,0.22174
0.49703,0.28718
0.11988,0.34417
0.10552,0.26873
0.44036,0.2649
0.22407,0.29672
0.22263,0.36937
0.38454,0.27014
0.34022,0.26386
0.12156,0.23226
0.10406,0.22926
0.13268,0.27876
0.4878,0.24677
0.27269,0.28481
0.45461,0.40454
0.16253,0.43234
0.18097,0.34909
0.14234,0.36133
0.025766,0.33674
0.37489,0.25886
0.20565,0.27737
0.17511,0.26894
0.35344,0.35212
0.40408,0.40877
0.46012,0.56869
0.38217,0.48556
0.2548,0.43844
0.1795,0.36829
0.34338,0.28673
0.20181,0.43236
0.29323,0.376
0.34548,0.36476
0.38499,0.46703
0.11707,0.57146
0.21087,0.47679
0.43349,0.46565
0.31206,0.50427
0.26856,0.44406
0.18271,0.46899
0.36288,0.4032
0.44055,0.47214
0.21276,0.57944
0.18663,0.5373
0.0089225,0.42623
0.13687,0.33252
0.18131,0.36579
0.075193,0.37753
0.25075,0.32674
0.42092,0.33683
0.3399,0.50019
0.39153,0.58108
0.18512,0.52606
0.44262,0.42301
0.10533,0.32157
0.11529,0.28388
0.10927,0.2739
0.1466,0.2486
0.40598,0.27723
0.15433,0.49179
0.36814,0.42279
0.19033,0.52443
0.2517,0.40965
0.10073,0.46532
0.33478,0.34204
0.44777,0.32446
0.11849,0.33206
0.47853,0.2894
0.16549,0.53436
0.25068,0.40913
0.14654,0.44409
0.011796,0.36555
0.018626,0.28569
0.35906,0.24269
0.28426,0.39643
0.032663,0.48169
0.44961,0.34138
0.35915,0.58984
0.27423,0.48675
0.36686,0.44755
0.48306,0.40624
0.11638,0.31256
0.28061,0.25939
0.47236,0.38037
0.36947,0.49354
0.0072065,0.36979
0.40866,0.29137
0.19871,0.46638
0.23537,0.41292
0.31647,0.43268
0.25488,0.54187
0.1785,0.41437
0.40415,0.38362
0.17134,0.58175
0.099897,0.49713
0.47127,0.35938
0.4921,0.57543
0.38474,0.55354
0.12012,0.53343
0.39509,0.44703
0.3115,0.4944
0.38386,0.45137
0.28102,0.57819
0.23451,0.4923
0.46661,0.40547
0.32224,0.65064
0.27328,0.70163
0.18649,0.65441
0.22734,0.50691
0.2977,0.52322
0.0020249,0.53887
0.28843,0.41109
0.17247,0.4572
0.43603,0.41994
0.084595,0.64181
0.10506,0.51012
0.29667,0.43294
0.096695,0.4232
0.39574,0.36288
0.070732,0.47124
0.43539,0.35161
0.020538,0.47265
0.22297,0.35448
0.43266,0.43089
0.38122,0.38008
0.43041,0.35373
0.47851,0.469
0.24084,0.40554
0.49976,0.44679
0.47181,0.37946
0.43722,0.5987
0.063239,0.42154
0.35396,0.33698
0.049773,0.50196
0.33115,0.38681
0.20182,0.51301
0.064723,0.51316
0.3164,0.39289
0.33448,0.54328
0.25163,0.62432
0.11475,0.60318
0.42,0.43772
0.43325,0.56053
0.38897,0.44279
0.37609,0.53714
0.055721,0.51379
0.41667,0.39233
0.36185,0.51447
0.27175,0.56887
0.25499,0.521
0.28348,0.43283
0.42814,0.51495
0.099848,0.66143
0.43218,0.52534
0.46796,0.63752
0.048257,0.49876
0.37911,0.41115
0.38103,0.53779
0.19199,0.55942
0.45596,0.48951
0.12029,0.56969
0.057973,0.50213
0.236,0.39472
0.20198,0.47257
0.14176,0.50342
0.23076,0.38561
0.2673,0.43996
0.47367,0.49156
0.33097,0.50206
0.47357,0.59625
0.22192,0.50915
0.4245,0.39417
0.36638,0.46095
0.43855,0.45889
0.4487,0.43972
0.011489,0.49009
0.14465,0.36883
0.38339,0.40031
0.013408,0.50291
0.16609,0.3766
0.33568,0.35115
0.16411,0.4936
0.11778,0.44546
0.089131,0.4075
0.48371,0.36937
0.097077,0.29682
0.27722,0.26966
0.31175,0.39309
0.3918,0.30097
0.22579,0.34365
0.04492,0.37987
0.40223,0.29529
0.022862,0.31135
0.36871,0.24889
0.44514,0.48212
0.3964,0.38953
0.19185,0.44819
0.46719,0.40469
0.32074,0.56891
0.25779,0.48946
0.057553,0.36255
0.44111,0.31602
0.10433,0.27348
0.31774,0.29422
0.098617,0.4597
0.38954,0.38864
0.084411,0.40653
0.30548,0.36169
0.17627,0.42639
0.44379,0.37664
0.44034,0.32034
0.26776,0.5455
0.19832,0.41064
0.36388,0.39965
0.23178,0.35556
0.32414,0.41306
0.10939,0.3479
0.0052581,0.32334
0.17563,0.26175
0.10084,0.34458
0.043834,0.33411
0.33143,0.28025
0.07571,0.33131
0.40693,0.2969
0.15423,0.37937
0.48841,0.35163
0.22899,0.34279
0.10366,0.26028
0.35927,0.24682
0.016633,0.26749
0.1257,0.22268
0.41803,0.26247
0.47031,0.26508
0.23134,0.50498
0.4966,0.38338
0.12117,0.6384
0.074932,0.44149
0.15256,0.32121
0.36094,0.33565
0.48361,0.27084
0.36562,0.32181
0.4308,0.48607
0.031969,0.64619
0.37176,0.4455
0.035922,0.60615
0.41742,0.42516
0.16398,0.36588
0.34482,0.32457
0.28768,0.45267
0.2207,0.54283
0.4122,0.50919
0.077945,0.64144
0.049458,0.45523
0.45361,0.37269
0.36871,0.32375
0.20529,0.49943
0.26358,0.41238
0.19245,0.45354
0.39285,0.42485
0.3548,0.45598
0.39789,0.55987
0.3174,0.44323
0.088672,0.35405
0.070029,0.34266
0.42976,0.31468
0.40485,0.39378
0.38554,0.46001
0.077941,0.44596
0.34608,0.37326
0.080048,0.47349
0.10715,0.38833
0.35726,0.34498
0.078906,0.31813
0.28284,0.26505
0.44878,0.41191
0.10393,0.57591
0.43284,0.4497
0.33772,0.3765
0.30122,0.46314
0.25358,0.36929
0.0035534,0.32472
0.093851,0.26263
0.15974,0.24002
0.34079,0.28465
0.47076,0.4683
0.41759,0.4032
0.13483,0.56551
0.20707,0.44422
0.095976,0.4118
0.30028,0.33776
0.40391,0.26614
0.19575,0.28573
0.35902,0.28559
0.47407,0.42279
0.058136,0.64385
0.16008,0.46049
0.41769,0.36547
0.35995,0.41108
0.35188,0.35511
0.28426,0.4331
0.020454,0.48725
0.32991,0.35329
0.094419,0.45817
0.08302,0.40518
0.1743,0.31738
0.4444,0.30128
0.055092,0.52738
0.25728,0.39473
0.37858,0.43381
0.23556,0.48075
0.066996,0.35143
0.14137,0.30928
0.41794,0.27434
0.13792,0.28641
0.31926,0.27464
0.41186,0.44511
0.1101,0.35165
0.38031,0.31132
0.3077,0.46414
0.37498,0.43033
0.11667,0.34206
0.4735,0.28703
0.089196,0.53271
0.10107,0.37749
0.2317,0.33369
0.16116,0.40791
0.26458,0.32727
0.34225,0.41153
0.44651,0.46196
0.043633,0.58009
0.10649,0.39947
0.24901,0.37775
0.37902,0.32615
0.22168,0.3206
0.27674,0.33648
0.47193,0.33429
0.3629,0.45236
0.19414,0.5125
0.21706,0.48888
0.033203,0.36179
0.47698,0.28458
0.071498,0.41753
0.47274,0.34597
0.15293,0.42767
0.35275,0.37651
0.4845,0.53801
0.22668,0.63827
0.49208,0.49765
0.030952,0.51842
0.49635,0.37129
0.30932,0.64849
0.27904,0.4827
0.39683,0.55961
0.080796,0.50046
0.4719,0.42129
0.31521,0.67838
0.1394,0.59102
0.31445,0.53591
0.11679,0.41759
0.19193,0.42095
0.27459,0.42597
0.33022,0.44993
0.08164,0.54405
0.32361,0.40873
0.080959,0.5517
0.19829,0.44238
0.079502,0.38009
0.1016,0.33852
0.21245,0.29349
0.26582,0.31166
0.39912,0.3676
0.32173,0.48312
0.21893,0.38389
0.26253,0.39747
0.034107,0.32962
0.46369,0.27047
0.44591,0.28453
0.4604,0.30254
0.18582,0.38928
0.40177,0.35939
0.2005,0.51246
0.098816,0.44563
0.066839,0.34803
0.23922,0.29406
0.29885,0.25245
0.15991,0.42725
0.26451,0.41237
0.37181,0.48357
0.49921,0.44359
0.18697,0.62218
0.066737,0.47484
0.13591,0.35215
0.043728,0.29165
0.22166,0.2623
0.15101,0.33081
0.10909,0.30329
0.21203,0.29458
0.017068,0.36346
0.026224,0.28977
0.44305,0.24623
0.22105,0.25773
0.43046,0.26094
0.03694,0.24436
0.12836,0.22045
0.31762,0.2262
0.45239,0.25045
0.46723,0.35225
0.35011,0.2654
0.25167,0.22808
0.09685,0.36478
0.16183,0.29026
0.31513,0.3308
0.018439,0.26257
0.044569,0.21897
0.1345,0.21747
0.46087,0.28675
0.14435,0.54941
0.11471,0.42344
0.41627,0.3375
0.072979,0.31711
0.31251,0.26413
0.034431,0.36933
0.26713,0.27171
0.2278,0.2436
0.019639,0.25899
0.22141,0.23429
0.062174,0.25653
0.046716,0.22584
0.45743,0.2283
0.39491,0.24904
0.2364,0.39223
0.41268,0.28341
0.13909,0.38785
0.3455,0.31741
0.47339,0.25038
0.15407,0.36771
0.13445,0.27908
0.23767,0.23474
0.090668,0.36859
0.24865,0.32198
0.46818,0.33634
0.37506,0.54365
0.21172,0.43398
0.35493,0.41486
0.42953,0.55015
0.48131,0.47025
0.48116,0.4311
0.1699,0.48936
0.015291,0.3766
0.3375,0.30094
0.363,0.49271
0.31032,0.56298
0.35764,0.49477
0.051262,0.55223
0.29566,0.42905
0.41475,0.54085
0.33585,0.6879
0.38629,0.56144
0.021123,0.41764
0.39761,0.34124
0.0075106,0.50556
0.20523,0.38392
0.12932,0.41961
0.071166,0.33736
0.14322,0.31078
0.042944,0.35236
0.21529,0.30341
0.29987,0.37544
0.24437,0.29248
0.25477,0.38646
0.34346,0.28967
0.19575,0.34262
0.34078,0.29918
0.2861,0.27534
0.11168,0.2885
0.0081582,0.23998
0.43844,0.21174
0.37482,0.39252
0.15016,0.41439
0.023546,0.34677
0.45649,0.26992
0.47604,0.3566
0.46848,0.5055
0.24084,0.53614
0.17041,0.39667
0.10734,0.29388
0.030673,0.31348
0.02371,0.27125
0.14455,0.23696
0.34824,0.21798
0.095291,0.44088
0.12266,0.37899
0.16992,0.36796
0.35158,0.33532
0.30307,0.34502
0.44365,0.30753
0.32092,0.26211
0.20077,0.23151
0.33346,0.24915
0.20292,0.388
0.45882,0.30955
0.29188,0.32643
0.47922,0.32329
0.49911,0.49947
0.12037,0.5577
0.04709,0.44375
0.15887,0.33547
0.13879,0.30995
0.059077,0.32041
0.079483,0.27521
0.44038,0.28819
0.22055,0.43229
0.29798,0.47005
0.054319,0.55652
0.25705,0.38778
0.30545,0.30855
0.20089,0.32219
0.10865,0.29762
0.19685,0.25336
0.25627,0.24498
0.30428,0.3864
0.20351,0.38729
0.40116,0.37715
0.38105,0.31224
0.062256,0.39177
0.26428,0.31034
0.090603,0.32368
0.19281,0.26503
0.36556,0.27954
0.056328,0.37021
0.2359,0.29977
0.37662,0.31166
0.019343,0.47064
0.0014256,0.33072
0.27342,0.2548
0.44969,0.32581
0.26969,0.31151
0.44364,0.3216
0.33414,0.49243
0.4557,0.36187
0.083356,0.43279
0.45296,0.35513
0.28421,0.28462
0.24985,0.23539
0.10798,0.31282
0.10392,0.3204
0.24447,0.29308
0.13206,0.40058
0.069245,0.35625
0.33994,0.31393
0.36174,0.28856
0.22877,0.47795
0.32817,0.41938
0.29389,0.42048
0.033232,0.3495
0.15299,0.27364
0.20814,0.28736
0.46077,0.27899
0.38007,0.2799
0.22433,0.42521
0.35137,0.42372
0.38359,0.42472
0.22648,0.49233
0.29851,0.43753
0.13339,0.32649
0.065491,0.28814
0.083288,0.25968
0.46729,0.28269
0.24998,0.50266
0.087964,0.43201
0.42945,0.35956
0.31755,0.52339
0.39831,0.46707
0.44851,0.50906
0.47196,0.44302
0.36872,0.36936
0.050661,0.33349
0.18971,0.30596
0.42432,0.32787
0.068442,0.32108
0.44478,0.30399
0.33957,0.4624
0.44973,0.53045
0.47665,0.66532
0.21435,0.77219
0.31131,0.61978
0.0599,0.45346
0.16052,0.36106
0.43861,0.39746
0.38172,0.36139
0.059195,0.55213
0.2775,0.43867
0.34243,0.5318
0.45565,0.6414
0.43484,0.60342
0.018756,0.63374
0.39915,0.44944
0.13254,0.44263
0.43632,0.4318
0.20116,0.58918
0.16229,0.45117
0.21762,0.42051
0.4904,0.44716
0.22289,0.68358
0.12431,0.62656
0.46415,0.45361
0.27315,0.62729
0.1063,0.50476
0.44227,0.45313
0.34536,0.48849
0.4791,0.45656
0.30818,0.51119
0.45627,0.6143
0.12831,0.60329
0.29837,0.46597
0.045968,0.56818
0.40925,0.43966
0.41273,0.40938
0.4009,0.59918
0.43238,0.64191
0.35733,0.77372
0.12183,0.71498
0.42029,0.60631
0.17178,0.53929
0.21089,0.49395
0.073734,0.40564
0.11884,0.38102
0.063467,0.3939
0.26901,0.36564
0.26808,0.48136
0.49946,0.51219
0.31059,0.47027
0.10508,0.54621
0.10364,0.41628
0.37668,0.35063
0.2936,0.32264
0.27678,0.31753
0.28612,0.28792
0.4999,0.36043
0.36034,0.48242
0.38466,0.61278
0.23163,0.59072
0.19511,0.44036
0.14157,0.35451
0.44622,0.35937
0.15729,0.47851
0.23327,0.41137
0.28051,0.41358
0.011891,0.52755
0.33702,0.38791
0.11561,0.4996
0.094953,0.40155
0.467,0.33407
0.49807,0.36901
0.061173,0.62124
0.066292,0.43886
0.33076,0.35151
0.10135,0.42099
0.46323,0.31972
0.40672,0.49635
0.24922,0.42498
0.28175,0.35178
0.35497,0.47551
0.14911,0.60937
0.45767,0.43392
0.2288,0.36948
0.35269,0.40294
0.46359,0.36123
0.32353,0.60717
0.15093,0.61714
0.17958,0.48516
0.46249,0.43579
0.02435,0.58153
0.37696,0.42249
0.44422,0.58518
0.1546,0.57045
0.090764,0.49751
0.35614,0.44081
0.053641,0.52064
0.43676,0.40258
0.43999,0.4379
0.4493,0.64378
0.11771,0.4738
0.26043,0.42704
0.087481,0.5084
0.40631,0.39795
0.48764,0.36922
0.14644,0.5566
0.46169,0.41062
0.31746,0.62067
0.3092,0.64611
0.45275,0.6655
0.15815,0.54849
0.4873,0.46758
0.19039,0.42558
0.27413,0.45241
0.19759,0.55303
0.23424,0.45715
0.037589,0.5193
0.039691,0.41275
0.43756,0.34847
0.4833,0.58621
0.47132,0.53035
0.2889,0.72965
0.18881,0.58436
0.47693,0.50411
0.12397,0.52429
0.45834,0.43707
0.19237,0.37009
0.19123,0.31551
0.30341,0.39794
0.17128,0.53842
0.24378,0.51538
0.083407,0.48696
0.029308,0.38352
0.35466,0.3218
0.11346,0.33153
0.17009,0.3454
0.034427,0.3219
0.24994,0.27015
0.47803,0.34765
0.16748,0.39425
0.41831,0.35282
0.2472,0.32091
0.25466,0.26154
0.07503,0.35667
0.42389,0.27867
0.28986,0.33703
0.24145,0.27071
0.12814,0.31492
0.36143,0.3373
0.36522,0.34637
0.35575,0.4881
0.49246,0.45918
0.28234,0.50509
0.0051625,0.37659
0.17235,0.28619
0.35256,0.31405
0.26815,0.37998
0.35577,0.33788
0.048998,0.45896
0.070987,0.35523
0.12922,0.31481
0.27692,0.34952
0.40871,0.38642
0.13979,0.28787
0.33896,0.27246
0.4196,0.40809
0.37074,0.46366
0.1503,0.52122
0.15255,0.36692
0.10705,0.29468
0.43152,0.26316
0.046581,0.40574
0.20117,0.32474
0.41757,0.2982
0.15573,0.45573
0.20024,0.42137
0.4817,0.41815
0.41805,0.41286
0.38453,0.39511
0.1718,0.35317
0.49352,0.38334
0.10591,0.32363
0.35768,0.29032
0.090726,0.4656
0.29896,0.35211
0.37589,0.36261
0.22076,0.5485
0.28988,0.50959
0.030891,0.52159
0.29853,0.37164
0.4203,0.50921
0.066866,0.42786
0.29408,0.35749
0.1447,0.32638
0.35766,0.33276
0.097307,0.4725
0.10508,0.37739
0.032677,0.33828
0.30374,0.27125
0.28605,0.36872
0.48166,0.46068
0.4534,0.37251
0.42013,0.48026
0.41902,0.42653
0.11545,0.53595
0.42118,0.38762
0.3289,0.36056
0.1211,0.29645
0.32922,0.30281
0.086279,0.39255
0.12209,0.35892
0.094087,0.36095
0.38425,0.33801
0.41064,0.50647
0.15132,0.4203
0.14375,0.39996
0.075362,0.36564
0.36285,0.29179
0.28985,0.42125
0.36473,0.3451
0.28055,0.33604
0.28604,0.30401
0.27262,0.41275
0.081249,0.47024
0.37234,0.34808
0.18109,0.34901
0.4612,0.28876
0.47005,0.48915
0.022165,0.54318
0.39965,0.38063
0.39931,0.45701
0.24466,0.50081
0.32901,0.45646
0.034619,0.37479
0.26078,0.31025
0.38944,0.32829
0.34299,0.53568
0.16552,0.61975
0.087808,0.43108
0.056375,0.37669
0.41578,0.32947
0.28201,0.42166
0.25279,0.45389
0.31763,0.34419
0.15013,0.39894
0.11588,0.39195
0.34011,0.36154
0.16762,0.36755
0.24951,0.30359
0.49635,0.26909
0.10162,0.53929
0.31134,0.40863
0.29704,0.41907
0.23753,0.44695
0.49285,0.37488
0.46683,0.37091
0.32403,0.52105
0.16235,0.44254
0.26957,0.38416
0.18771,0.49617
0.46172,0.38671
0.26634,0.51384
0.077021,0.48474
0.090717,0.38004
0.39971,0.36383
0.42134,0.56807
0.42563,0.60419
0.071232,0.52461
0.26271,0.40964
0.084795,0.39378
0.11886,0.36801
0.44219,0.34273
0.41495,0.32998
0.35879,0.32616
0.29972,0.48197
0.3379,0.53882
0.014019,0.59376
0.43632,0.40756
0.1962,0.47964
0.26539,0.37107
0.24802,0.3373
0.21488,0.43668
0.3473,0.4587
0.082215,0.52616
0.3379,0.41666
0.34807,0.49139
0.28222,0.36577
0.47929,0.47291
0.4876,0.48593
0.05813,0.54588
0.17195,0.40924
0.20768,0.37251
0.007942,0.4046
0.4469,0.31321
0.02456,0.48747
0.49177,0.36506
0.236,0.49478
0.41871,0.52575
0.3238,0.67976
0.16121,0.48845
0.012324,0.39901
0.043072,0.31393
0.074443,0.26489
0.20988,0.28675
0.10065,0.25549
0.10654,0.30294
0.37848,0.28936
0.27132,0.47959
0.42187,0.46582
0.2551,0.42436
0.12783,0.30591
0.37873,0.25187
0.052106,0.25975
0.14748,0.23747
0.29052,0.23236
0.29771,0.25389
0.060044,0.38581
0.23901,0.30378
0.094622,0.38978
0.34738,0.31249
0.1982,0.30618
0.21648,0.34936
0.28114,0.27467
0.14298,0.28642
0.04213,0.29255
0.054773,0.25273
0.054372,0.2206
0.14458,0.21864
0.2724,0.21785
0.22418,0.33705
0.1772,0.31421
0.068727,0.29523
0.12013,0.25755
0.082269,0.23771
0.29416,0.20794
0.42268,0.21316
0.019939,0.22528
0.44602,0.20034
0.2762,0.36745
0.41679,0.35191
0.12244,0.36335
0.37724,0.27104
0.3663,0.28582
0.3933,0.26988
0.22928,0.39169
0.38235,0.42045
0.47125,0.30373
0.06567,0.55539
0.28419,0.39326
0.25299,0.46656
0.1294,0.37324
0.34516,0.35482
0.16063,0.46378
0.061579,0.42648
0.34841,0.33761
0.24562,0.47024
0.44697,0.51215
0.010492,0.40916
0.070147,0.31329
0.070523,0.28526
0.46409,0.25555
0.057487,0.46586
0.32798,0.34537
0.019307,0.29989
0.46344,0.25545
0.45313,0.39352
0.31406,0.59142
0.49996,0.38926
0.43269,0.33935
0.43191,0.30902
0.22176,0.54968
0.28255,0.39228
0.082524,0.43251
0.17916,0.31761
0.42793,0.38288
0.20631,0.58417
0.049565,0.49769
0.24301,0.39086
0.26545,0.45698
0.15015,0.50763
0.24726,0.41677
0.34116,0.42109
0.16447,0.36137
0.015434,0.33097
0.34275,0.28119
0.017373,0.35017
0.4102,0.27663
0.096156,0.38499
0.22081,0.3267
0.41927,0.30749
0.16046,0.40091
0.46252,0.37137
0.20932,0.3885
0.49505,0.28781
0.0062533,0.48944
0.28146,0.3347
0.48714,0.43331
0.051772,0.38096
0.18854,0.30232
0.34852,0.36515
0.11605,0.36198
0.10803,0.35635
0.086268,0.30676
0.45116,0.31159
0.41982,0.25446
0.42317,0.39694
0.43309,0.59716
0.020465,0.42127
0.45798,0.30956
0.31898,0.48927
0.0056514,0.3954
0.35681,0.29543
0.31603,0.2906
0.46833,0.45571
0.00032069,0.62063
0.10482,0.41896
0.024197,0.38373
0.46311,0.29415
0.36711,0.56454
0.40843,0.5638
0.1964,0.39334
0.26748,0.40731
0.087297,0.43845
0.0064796,0.39241
0.04975,0.30557
0.15124,0.26309
0.092292,0.23712
0.45239,0.28101
0.30657,0.48746
0.21308,0.52593
0.048077,0.41869
0.20258,0.32355
0.1779,0.28301
0.073611,0.23641
0.39279,0.21616
0.12286,0.28932
0.27163,0.25152
0.17792,0.40144
0.24019,0.37117
0.036511,0.34968
0.18954,0.26246
0.13642,0.2755
0.41774,0.25951
0.035627,0.26178
0.43968,0.23799
0.33189,0.28765
0.47799,0.36407
0.32959,0.39269
0.13996,0.39669
0.16099,0.28792
0.32713,0.27571
0.23161,0.29156
0.10247,0.37714
0.27475,0.27845
0.47736,0.40916
0.4442,0.52915
0.35927,0.67255
0.46724,0.6109
0.21018,0.50749
0.31798,0.41059
0.28942,0.46877
0.23241,0.44796
0.22319,0.37565
0.15449,0.39316
0.16027,0.42342
0.4321,0.43628
0.48089,0.56729
0.36276,0.73888
0.21133,0.61224
0.047964,0.53368
0.39302,0.41428
0.43266,0.46368
0.14374,0.49891
0.18658,0.40975
0.18135,0.37223
0.49626,0.42315
0.20732,0.69142
0.44027,0.59856
0.23895,0.56931
0.0041051,0.4296
0.288,0.33593
0.073616,0.46819
0.099073,0.36862
0.43864,0.32433
0.39647,0.39091
0.12013,0.60231
0.42916,0.46198
0.10628,0.62711
0.2859,0.46978
0.25889,0.3479
0.31181,0.3927
0.22078,0.33969
0.30372,0.30818
0.28769,0.45801
0.4637,0.50922
0.37999,0.45132
0.28945,0.57854
0.4847,0.44937
0.18897,0.5394
0.46705,0.45317
0.22035,0.5559
0.24698,0.46879
0.23419,0.46501
0.01605,0.45516
0.332,0.35981
0.22546,0.48311
0.38382,0.45897
0.013117,0.62435
0.29415,0.44285
0.44875,0.54449
0.30798,0.54394
0.38482,0.50909
0.19026,0.5123
0.43203,0.38466
0.2036,0.52409
0.2172,0.45783
0.36036,0.47692
0.42993,0.36988
0.31803,0.48881
0.084099,0.57832
0.41943,0.45247
0.24206,0.58541
0.12378,0.4861
0.30456,0.44282
0.43266,0.43352
0.24923,0.47446
0.17905,0.49066
0.4951,0.48048
0.46777,0.59836
0.35056,0.48878
0.28589,0.58775
0.43243,0.52907
0.45182,0.4716
0.37751,0.56573
0.48629,0.65956
0.45666,0.65598
0.32695,0.60075
0.4798,0.69239
0.40957,0.84689
0.48083,0.82767
0.012501,0.8209
0.17354,0.62817
0.30576,0.61869
0.39456,0.67271
0.14578,0.82587
0.36145,0.74452
0.18316,0.77158
0.35659,0.75068
0.13265,0.82607
0.12318,0.75273
0.14829,0.60708
0.28641,0.53922
0.23749,0.58479
0.4679,0.62287
0.011461,0.60798
0.11572,0.49555
0.13732,0.44296
0.28675,0.44432
0.36808,0.42195
0.33462,0.41104
0.24828,0.40416
0.42106,0.42844
0.41706,0.48273
0.36515,0.65247
0.44916,0.45834
0.31653,0.42184
0.17358,0.38811
0.33723,0.37868
0.0082802,0.48401
0.0015046,0.3585
0.21879,0.28801
0.27205,0.3871
0.48247,0.46954
0.047501,0.60576
0.23494,0.44215
0.0078708,0.43757
0.13327,0.32607
0.067645,0.33334
0.24866,0.26971
0.15498,0.23431
0.18691,0.2656
0.46541,0.30603
0.10185,0.58509
0.023223,0.39411
0.15379,0.29724
0.34681,0.24225
0.044999,0.28141
0.4504,0.23414
0.044393,0.37465
0.40485,0.28294
0.43977,0.34456
0.38019,0.56796
0.17377,0.43083
0.31591,0.30962
0.49502,0.31786
0.27251,0.50669
0.22388,0.36289
0.33009,0.42783
0.17896,0.33431
0.11452,0.37392
0.22678,0.36207
0.43048,0.41025
0.47134,0.41397
0.42619,0.5266
0.28953,0.68071
0.37967,0.57229
0.26684,0.52695
0.27453,0.51217
0.021383,0.44804
0.075783,0.34622
0.27964,0.31273
0.46011,0.44866
0.42347,0.66732
0.39691,0.73913
0.032984,0.68829
0.4716,0.50636
0.46436,0.57222
0.11005,0.61284
0.2196,0.45107
0.3956,0.38083
0.20042,0.48262
0.32928,0.51702
0.19684,0.60949
0.05533,0.56947
0.29672,0.42706
0.1259,0.54754
0.099053,0.4935
0.47424,0.39003
0.28419,0.46817
0.067476,0.52346
0.26837,0.40893
0.33406,0.45654
0.40048,0.44731
0.3655,0.37327
0.13033,0.45931
0.41484,0.36731
0.30331,0.35242
0.23722,0.49632
0.29162,0.45804
0.032039,0.36639
0.05541,0.2995
0.43163,0.27866
0.46245,0.4972
0.40522,0.60086
0.15242,0.48494
0.29563,0.4422
0.1605,0.46171
0.43237,0.39688
0.22458,0.49326
0.18486,0.36535
0.1063,0.3039
0.32315,0.32571
0.44644,0.49308
0.29301,0.62697
0.31226,0.49282
0.053378,0.49479
0.1937,0.37149
0.35598,0.41813
0.10154,0.43704
0.15306,0.35387
0.24131,0.30697
0.035379,0.37538
0.21622,0.31834
0.43355,0.35732
0.2485,0.48041
0.028104,0.35803
0.18309,0.28319
0.19353,0.33495
0.42068,0.29034
0.44491,0.3339
0.37884,0.41862
0.098165,0.32001
0.26782,0.28376
0.099861,0.4084
0.062346,0.33145
0.19951,0.25779
0.022451,0.27418
0.38418,0.23337
0.4509,0.44922
0.46824,0.61004
0.34029,0.6585
0.32043,0.47365
0.077096,0.46509
0.015794,0.34785
0.38851,0.27716
0.16445,0.3555
0.0070991,0.28586
0.148,0.24925
0.16232,0.32687
0.36912,0.37825
0.44773,0.47409
0.15197,0.54356
0.16519,0.3813
0.1023,0.28731
0.057684,0.29694
0.078501,0.25645
0.42051,0.22239
0.27012,0.29806
0.40326,0.30683
0.45229,0.46817
0.34115,0.62696
0.10735,0.48147
0.065029,0.35833
0.27146,0.28203
0.167,0.25883
0.40387,0.24338
0.069654,0.47091
0.46605,0.35885
0.20921,0.55874
0.31719,0.52432
0.15536,0.52877
0.44515,0.39113
0.019936,0.33851
0.12553,0.27662
0.11326,0.26906
0.24957,0.30261
0.10237,0.27767
0.28282,0.30799
0.15838,0.33929
0.23592,0.33747
0.40448,0.31307
0.17717,0.51336
0.099786,0.34339
0.40589,0.27813
0.2883,0.29803
0.22646,0.34668
0.30554,0.29693
0.08191,0.3688
0.44539,0.29344
0.0069709,0.39537
0.020047,0.29099
0.4028,0.24246
0.39347,0.27127
0.12057,0.46274
0.32379,0.36654
0.1206,0.38108
0.28499,0.3338
0.48469,0.29201
0.31776,0.56003
0.22641,0.37203
0.40058,0.28488
0.31518,0.4783
0.37288,0.52045
0.063103,0.42901
0.32059,0.34554
0.16685,0.33072
0.05073,0.3358
0.10207,0.30392
0.028539,0.30001
0.013837,0.25521
0.33783,0.23061
0.21585,0.3696
0.066514,0.39483
0.30042,0.2898
0.060639,0.37714
0.34528,0.28843
0.11368,0.25816
0.36366,0.23445
0.41087,0.22105
0.34901,0.20711
0.39628,0.36873
0.087986,0.3944
0.055721,0.28693
0.3374,0.25317
0.49269,0.24322
0.1182,0.46165
0.16452,0.32626
0.11545,0.33651
0.066253,0.32425
0.47861,0.28388
0.20681,0.5162
0.28346,0.37059
0.049342,0.29792
0.48394,0.2652
0.18807,0.58263
0.24338,0.41782
0.47346,0.36315
0.085535,0.35917
0.48235,0.28415
0.041298,0.58467
0.41447,0.40636
0.038261,0.47802
0.24154,0.34278
0.29058,0.44816
0.10369,0.41204
0.0598,0.34586
0.28074,0.31582
0.40267,0.29357
0.061361,0.53682
0.17948,0.37662
0.49754,0.39907
0.23978,0.32707
0.47636,0.3471
0.24043,0.47775
0.43847,0.37225
0.0078412,0.32158
0.42169,0.26036
0.45097,0.48113
0.23392,0.37966
0.34933,0.34792
0.046714,0.52969
0.26016,0.37753
0.49186,0.47268
0.076707,0.51421
0.32031,0.40902
0.48837,0.3102
0.21293,0.56529
0.10044,0.53763
0.20387,0.41599
0.011393,0.42481
0.40915,0.32503
0.021697,0.42791
0.37354,0.33858
0.40057,0.31682
0.1282,0.452
0.2309,0.42249
0.11217,0.38978
0.3457,0.31278
0.17826,0.35939
0.23568,0.2786
0.15193,0.3787
0.45994,0.28818
0.45086,0.49514
0.34843,0.61089
0.041615,0.47208
0.072947,0.35064
0.37482,0.28647
0.11442,0.4352
0.0092188,0.34722
0.076716,0.27588
0.27206,0.2546
0.47805,0.41266
0.047641,0.62841
0.11599,0.44143
0.27117,0.32585
0.32012,0.28866
0.22031,0.41993
0.11162,0.3442
0.30688,0.26915
0.37592,0.26532
0.047632,0.38143
0.40443,0.32062
0.48252,0.28416
0.34659,0.31667
0.18761,0.3869
0.20694,0.36955
0.49137,0.34129
0.17122,0.34062
0.33638,0.33679
0.46242,0.44701
0.15689,0.34593
0.045676,0.35931
0.47798,0.30424
0.15116,0.49374
0.45193,0.38263
0.21369,0.42626
0.28122,0.4659
0.068002,0.4029
0.066867,0.33505
0.47098,0.31329
0.42708,0.36481
0.47861,0.3089
0.44342,0.59447
0.39895,0.5004
0.21359,0.62301
0.32091,0.4904
0.45116,0.49036
0.42694,0.40158
0.0045668,0.35209
0.41613,0.28701
0.090297,0.51601
0.40038,0.43739
0.047362,0.60015
0.33521,0.44938
0.26756,0.44663
0.19373,0.46263
0.33028,0.47267
0.13295,0.55791
0.22593,0.3961
0.093853,0.45147
0.49866,0.35628
0.43988,0.58886
0.0034079,0.44871
0.39185,0.34022
0.13994,0.43625
0.29547,0.36994
0.062716,0.43909
0.2926,0.3405
0.34711,0.37226
0.43261,0.33767
0.47579,0.59292
0.48031,0.71829
0.3119,0.47582
0.14875,0.5313
0.14859,0.41318
0.23223,0.38466
0.23962,0.32583
0.46922,0.37611
0.47743,0.54229
0.15612,0.69988
0.46696,0.59846
0.43849,0.76755
0.021407,0.73171
0.24255,0.52079
0.3676,0.44988
0.16197,0.48442
0.10003,0.43668
0.17512,0.42385
0.31563,0.47242
0.29433,0.44758
0.30085,0.55979
0.30573,0.614
0.47552,0.45185
0.39843,0.51839
0.20328,0.60115
0.021556,0.48032
0.37713,0.36756
0.42491,0.40006
0.34451,0.51947
0.27406,0.53677
0.15729,0.52022
0.14399,0.45851
0.46499,0.45155
0.25885,0.62296
0.47351,0.52026
0.15047,0.39827
0.20429,0.4001
0.21724,0.44683
0.27538,0.45523
0.45152,0.45927
0.25174,0.453
0.29598,0.39596
0.48929,0.51637
0.31595,0.56542
0.080519,0.62438
0.44445,0.45268
0.24847,0.47995
0.029118,0.44132
0.15502,0.3513
0.46014,0.39364
0.39138,0.48383
0.36898,0.53273
0.18903,0.65959
0.41519,0.55186
0.47873,0.45288
0.45303,0.6637
0.0024208,0.63424
0.076923,0.45417
0.16465,0.37172
0.18517,0.42178
0.30975,0.44546
0.033904,0.52064
0.020932,0.40055
0.1386,0.33167
0.33352,0.37692
0.37286,0.5268
0.093155,0.3775
0.43567,0.30379
0.065244,0.36066
0.12056,0.29964
0.13348,0.30499
0.036215,0.25628
0.20577,0.22337
0.48138,0.24733
0.15911,0.45555
0.33491,0.40209
0.12205,0.33239
0.19745,0.33243
0.41176,0.27249
0.37272,0.29881
0.40982,0.31097
0.10141,0.26425
0.098015,0.25206
0.29375,0.28632
0.44057,0.30192
0.27191,0.458
0.33724,0.35839
0.12744,0.36359
0.34555,0.34536
0.32436,0.45274
0.083399,0.51204
0.36352,0.35833
0.040466,0.32703
0.24904,0.27748
0.16653,0.39992
0.10504,0.36494
0.40049,0.33122
0.23218,0.33774
0.3635,0.38426
0.36351,0.4641
0.16039,0.37189
0.060333,0.36628
0.4669,0.27993
0.41192,0.40847
0.31576,0.40118
0.44544,0.34453
0.14838,0.53451
0.34207,0.41607
0.35131,0.49395
0.19157,0.54053
0.35345,0.42061
0.49114,0.34662
0.28302,0.62052
0.0077022,0.60148
0.114,0.42604
0.0011802,0.40506
0.25294,0.3191
0.48823,0.39875
0.44356,0.56807
0.079863,0.52987
0.36019,0.42413
0.36781,0.59099
0.43835,0.57776
0.16388,0.41825
0.4309,0.35091
0.0032236,0.28644
0.30312,0.25109
0.046394,0.45251
0.14829,0.3673
0.027656,0.30599
0.066526,0.26833
0.31823,0.26912
0.45366,0.43771
0.36727,0.41741
0.24369,0.53371
0.17188,0.35708
0.099666,0.35062
0.45055,0.27804
0.26289,0.33347
0.36058,0.27016
0.15418,0.26452
0.072557,0.2994
0.28916,0.29222
0.18968,0.3966
0.063419,0.35526
0.12677,0.27972
0.44931,0.24651
0.19214,0.51478
0.37646,0.41392
0.4401,0.49678
0.2449,0.43924
0.041238,0.34044
0.3597,0.28428
0.025108,0.34118
0.16596,0.26807
0.3841,0.26056
0.35103,0.48401
0.15735,0.43938
0.49046,0.40344
0.44345,0.6206
0.36063,0.56952
0.3359,0.40739
0.35724,0.48653
0.29091,0.36355
0.12816,0.3597
0.28561,0.36079
0.15603,0.4397
0.45092,0.36659
0.41127,0.62196
0.12856,0.70309
0.20305,0.54495
0.059629,0.49261
0.03127,0.39647
0.42394,0.32475
0.3493,0.35379
0.42517,0.43723
0.15693,0.43302
0.42602,0.43725
0.054771,0.59773
0.38152,0.43097
0.30317,0.44136
0.2564,0.35541
0.42165,0.29343
0.16479,0.51639
0.39896,0.45219
0.036502,0.58947
0.13398,0.41946
0.44712,0.40654
0.088174,0.35023
0.21382,0.33005
0.1455,0.36481
0.065556,0.33979
0.37899,0.31241
0.22956,0.35116
0.45869,0.41148
0.46579,0.32829
0.15247,0.35142
0.22505,0.37
0.21654,0.30569
0.25747,0.31412
0.1489,0.3046
0.15188,0.25764
0.24113,0.30623
0.055243,0.32544
0.10819,0.28893
0.32784,0.30781
0.39206,0.31552
0.066736,0.37585
0.37517,0.29272
0.30133,0.37791
0.45407,0.34025
0.077633,0.35976
0.044104,0.2952
0.074969,0.24062
0.36888,0.22278
0.17882,0.38308
0.31882,0.38145
0.17091,0.30871
0.13657,0.33822
0.16543,0.31813
0.18152,0.35882
0.42602,0.28632
0.07105,0.25894
0.21806,0.22577
0.39321,0.32318
0.054809,0.35385
0.11512,0.28816
0.32385,0.26005
0.14273,0.28351
0.0015015,0.26239
0.08882,0.21718
0.4591,0.25188
0.23886,0.25881
0.44517,0.29103
0.49967,0.49047
0.20122,0.36075
0.37195,0.29644
0.06036,0.41367
0.41991,0.30168
0.19759,0.23888
0.069576,0.23526
0.48918,0.25542
0.28955,0.39203
0.40761,0.47516
0.43092,0.63025
0.29153,0.53257
0.05456,0.52285
0.45646,0.36631
0.30999,0.56975
0.067889,0.48297
0.14208,0.35974
0.29213,0.39468
0.21213,0.43855
0.0078076,0.46593
0.27365,0.3558
0.49466,0.40627
0.23792,0.35099
0.16735,0.44174
0.46616,0.40457
0.34076,0.3518
0.29319,0.348
0.17023,0.40175
0.48802,0.35434
0.055868,0.28078
0.41975,0.25906
0.28413,0.53579
0.29063,0.46203
0.49988,0.40027
0.22378,0.64563
0.28965,0.53847
0.0096593,0.50271
0.16369,0.36339
0.14114,0.40774
0.041328,0.32377
0.16957,0.29501
0.14599,0.32678
0.47975,0.33138
0.32967,0.62765
0.08642,0.53587
0.16046,0.41225
0.42616,0.31106
0.10635,0.35916
0.28324,0.30085
0.26813,0.26533
0.093191,0.29775
0.033355,0.26583
0.039412,0.25303
0.18529,0.24131
0.30579,0.23553
0.14673,0.27891
0.42434,0.31664
0.071787,0.30724
0.30587,0.26511
0.23408,0.3387
0.38834,0.28175
0.15992,0.24317
0.25705,0.21598
0.077959,0.26566
0.39288,0.25197
0.20792,0.29689
0.068949,0.36272
0.050062,0.26755
0.021888,0.24055
0.067794,0.21311
0.053251,0.23155
0.43995,0.21221
0.23676,0.36044
0.46133,0.28453
0.078001,0.49594
0.31745,0.34665
0.15044,0.28909
0.19121,0.24054
0.066434,0.21349
0.40506,0.20163
0.36278,0.22184
0.10933,0.43775
0.31186,0.33783
0.1769,0.469
0.31787,0.3377
0.022007,0.40494
0.11421,0.2903
0.13849,0.26564
0.2813,0.23573
0.4834,0.37938
0.21013,0.54099
0.16025,0.39682
0.10784,0.36659
0.38435,0.30618
0.11217,0.42906
0.20992,0.30999
0.0614,0.28353
0.2992,0.24763
0.3998,0.34382
0.17175,0.555
0.020361,0.42552
0.12097,0.31051
0.31778,0.26827
0.18986,0.41036
0.45243,0.32858
0.0039786,0.39826
0.38176,0.29096
0.41899,0.41069
0.36633,0.55131
0.2276,0.46864
0.0050992,0.33806
0.43705,0.26617
0.27517,0.43784
0.29724,0.39512
0.45186,0.49702
0.11921,0.35255
0.32656,0.34468
0.18371,0.47865
0.25788,0.44339
0.38347,0.41022
0.12454,0.3073
0.11267,0.33427
0.38465,0.31366
0.023125,0.4264
0.37377,0.32691
0.092014,0.32601
0.34698,0.30337
0.28058,0.3423
0.35647,0.37171
0.07472,0.4809
0.067101,0.34317
0.086513,0.27553
0.26386,0.28093
0.23098,0.24227
0.30994,0.34207
0.4995,0.30198
0.19951,0.50016
0.087985,0.42107
0.23623,0.34831
0.45152,0.29256
0.39284,0.28219
0.4488,0.28202
0.22898,0.40868
0.40407,0.37185
0.26954,0.46543
0.33749,0.52709
0.15152,0.46189
0.31299,0.34773
0.36931,0.38109
0.11962,0.53725
0.41018,0.44087
0.45997,0.6015
0.15054,0.57508
0.039015,0.49919
0.47489,0.38626
0.48289,0.54818
0.31,0.50519
0.18675,0.51891
0.032394,0.48868
0.042345,0.37706
0.35076,0.33232
0.39791,0.522
0.46461,0.4705
0.30686,0.37769
0.45263,0.51739
0.48343,0.70357
0.11886,0.70519
0.4763,0.52162
0.13157,0.41045
0.42414,0.33283
0.085806,0.50445
0.16838,0.43032
0.42623,0.45346
0.12964,0.54462
0.47791,0.49094
0.18158,0.71896
0.35516,0.53186
0.46283,0.64466
0.25764,0.54792
0.25011,0.57075
0.39603,0.4586
0.18107,0.46125
0.012322,0.47921
0.088505,0.37671
0.083341,0.37593
0.078766,0.33258
0.29882,0.32121
0.29779,0.4772
0.37913,0.46326
0.047391,0.4812
0.42442,0.37422
0.41411,0.40505
0.33298,0.31193
0.49748,0.29891
0.11122,0.30928
0.26305,0.2643
0.19038,0.34618
0.33756,0.35348
0.16729,0.46178
0.16719,0.33369
0.11119,0.36425
0.071133,0.34116
0.30626,0.29561
0.38697,0.46701
0.22163,0.38724
0.21263,0.37361
0.1955,0.34237
0.3771,0.36539
0.14839,0.37243
0.40148,0.31677
0.024264,0.31942
0.066018,0.25561
0.19081,0.25168
0.42433,0.3297
0.29338,0.39461
0.043455,0.37749
0.23912,0.28876
0.35184,0.36912
0.2254,0.3495
0.046195,0.39743
0.45521,0.28715
0.045619,0.27862
0.48051,0.24295
0.3467,0.519
0.168,0.49922
0.2777,0.3508
0.054971,0.36769
0.30919,0.30663
0.266,0.35171
0.2565,0.28727
0.4164,0.41147
0.4249,0.32631
0.091185,0.56391
0.48848,0.42893
0.4789,0.43528
0.13666,0.51343
0.26448,0.36779
0.11661,0.40643
0.15791,0.35162
0.1207,0.33819
0.44059,0.34691
0.36113,0.55563
0.12411,0.43577
0.40931,0.41274
0.41053,0.60378
0.10408,0.49608
0.1477,0.39714
0.3317,0.33124
0.050635,0.34865
0.002172,0.28813
0.48069,0.24861
0.28069,0.48616
0.28816,0.39651
0.16865,0.47535
0.29368,0.44323
0.037557,0.36549
0.49666,0.28706
0.2038,0.48592
0.21215,0.35419
0.29598,0.27479
0.039638,0.44829
0.48134,0.34122
0.21371,0.47648
0.39744,0.39116
0.13418,0.46807
0.045409,0.33908
0.089918,0.3011
0.26653,0.27624
0.12092,0.31839
0.2401,0.30707
0.1776,0.2627
0.038691,0.35277
0.2824,0.27985
0.20484,0.39843
0.17351,0.32657
0.061531,0.26142
0.21215,0.22704
0.32411,0.28711
0.49908,0.28829
0.2975,0.40935
0.38414,0.36538
0.11485,0.2903
0.18405,0.28123
0.11981,0.285
0.23414,0.25974
0.2971,0.23791
0.11091,0.30079
0.23908,0.28935
0.48475,0.4093
0.16221,0.50314
0.19887,0.42546
0.11562,0.33172
0.45058,0.28656
0.18028,0.31464
0.30306,0.31055
0.111,0.38116
0.18997,0.30052
0.17795,0.31166
0.20833,0.3786
0.02707,0.33135
0.0042404,0.26335
0.46077,0.22201
0.026458,0.51244
0.35876,0.34611
0.19641,0.42503
0.14063,0.334
0.42915,0.29747
0.39725,0.35469
0.25462,0.39199
0.34733,0.29611
0.25011,0.24202
0.33465,0.38688
0.03485,0.29873
0.142,0.25875
0.28534,0.26197
0.32119,0.27968
0.021589,0.43357
0.14592,0.3124
0.14605,0.29884
0.056427,0.3116
0.034802,0.26271
0.11538,0.23707
0.35834,0.21218
0.037549,0.27041
0.12313,0.23614
0.47304,0.26387
0.025274,0.23193
0.051623,0.20569
0.37907,0.19904
0.060386,0.21599
0.12926,0.19317
0.20668,0.2022
0.3486,0.2943
0.45933,0.24196
0.089462,0.28506
0.17688,0.28225
0.12816,0.22457
0.24036,0.20362
0.22185,0.3216
0.038258,0.25621
0.16469,0.21637
0.0012819,0.24332
0.18805,0.20492
0.42166,0.31645
0.29054,0.29193
0.092344,0.30205
0.023444,0.24735
0.48874,0.21486
0.31213,0.35519
0.47922,0.27151
0.16417,0.336
0.13793,0.24788
0.18036,0.24783
0.22436,0.3235
0.36952,0.34074
0.070432,0.30259
0.042661,0.23694
0.14042,0.23644
0.46552,0.27094
0.18415,0.55404
0.023738,0.39735
0.49492,0.28686
0.49335,0.36581
0.36726,0.43642
0.090239,0.50929
0.042413,0.35391
0.27022,0.27344
0.091138,0.28932
0.36736,0.3045
0.13941,0.35024
0.0099231,0.2725
0.19672,0.23602
0.315,0.3564
0.26499,0.44072
0.22476,0.34271
0.057696,0.27228
0.087839,0.24779
0.47091,0.22491
0.03223,0.46124
0.46167,0.31902
0.018698,0.2532
0.18851,0.22141
0.39216,0.29025
0.051474,0.38756
0.3463,0.29215
0.37001,0.261
0.0047256,0.26566
0.40799,0.22257
0.034927,0.21959
0.094348,0.22007
0.44231,0.19764
0.46989,0.30984
0.037863,0.51066
0.27192,0.32983
0.20447,0.38685
0.356,0.38609
0.48525,0.27721
0.20327,0.52255
0.1534,0.35521
0.47919,0.29036
0.36868,0.55681
0.46021,0.63618
0.047924,0.45224
0.29644,0.35004
0.11734,0.36968
0.42318,0.35113
0.096978,0.58642
0.090952,0.43658
0.24606,0.34761
0.089239,0.45722
0.41633,0.3904
0.44591,0.58996
0.26175,0.43681
0.070715,0.44169
0.28845,0.34229
0.104,0.46075
0.13375,0.35679
0.015414,0.30128
0.14368,0.25821
0.33637,0.24879
0.062421,0.43231
0.35974,0.35507
0.14347,0.41228
0.38507,0.31331
0.12225,0.41513
0.25145,0.31738
0.050743,0.29978
0.34689,0.24137
0.40911,0.28692
0.47695,0.44016
0.013688,0.35404
0.36707,0.27441
0.24961,0.30735
0.023596,0.38632
0.032068,0.28441
0.42159,0.24281
0.25533,0.24278
0.15041,0.34284
0.18265,0.34936
0.24299,0.3918
0.27511,0.28475
0.30952,0.38113
0.12977,0.39147
0.28841,0.28658
0.083035,0.24567
0.23122,0.26502
0.20318,0.31022
0.45383,0.2893
0.10462,0.35735
0.41878,0.30257
0.4168,0.4107
0.40947,0.48326
0.38225,0.40544
0.20267,0.45503
0.35262,0.34194
0.39706,0.38678
0.051529,0.40942
0.27319,0.33655
0.46925,0.30928
0.17037,0.54695
0.17819,0.48233
0.16676,0.4544
0.14104,0.42572
0.36328,0.3589
0.38572,0.47253
0.15329,0.57032
0.018981,0.40746
0.20231,0.31893
0.36125,0.40739
0.19404,0.40508
0.027721,0.36054
0.23798,0.29047
0.47317,0.29584
0.13548,0.50409
0.24507,0.43126
0.007175,0.37179
0.43336,0.28225
0.13756,0.36794
0.41962,0.3533
0.48261,0.39282
0.48602,0.30961
0.013846,0.4221
0.10677,0.3152
0.31157,0.27536
0.36875,0.34563
0.12749,0.26704
0.036819,0.30746
0.083767,0.25144
0.41147,0.26889
0.47821,0.52096
0.35505,0.69045
0.16003,0.44102
0.2406,0.33916
0.46984,0.37706
0.47939,0.54481
0.47158,0.46431
0.15723,0.36297
0.47222,0.30598
0.34811,0.54927
0.39523,0.64071
0.25445,0.65377
0.024628,0.51017
0.42979,0.38306
0.36217,0.6096
0.34469,0.69645
0.34732,0.73301
0.14242,0.60138
0.057483,0.55219
0.32878,0.45938
0.33086,0.56686
0.3784,0.55976
0.38158,0.44065
0.2119,0.60163
0.43736,0.57071
0.22307,0.66233
0.038139,0.60527
0.28527,0.45981
0.39929,0.3885
0.092928,0.51671
0.13555,0.43993
0.029914,0.42429
0.42046,0.35281
0.044801,0.42808
0.20834,0.36159
0.095998,0.36207
0.18694,0.29266
0.098794,0.32671
0.36099,0.32078
0.051639,0.30792
0.33256,0.25856
0.16323,0.2369
0.37693,0.31249
0.081916,0.2692
0.27276,0.2474
0.1071,0.2498
0.10628,0.24022
0.2588,0.22109
0.0047196,0.33592
0.39512,0.24615
0.42445,0.40316
0.022609,0.38056
0.22105,0.28224
0.21152,0.25242
0.38182,0.29835
0.28398,0.29425
0.35436,0.27702
0.13305,0.3621
0.17913,0.26628
0.41989,0.32683
0.43717,0.51675
0.2239,0.354
0.22609,0.33761
0.28413,0.32848
0.042315,0.41649
0.086287,0.31543
0.32122,0.29571
0.33363,0.30486
0.16877,0.33388
0.13511,0.36539
0.49725,0.36341
0.42064,0.43808
0.11383,0.45073
0.15095,0.36514
0.38281,0.28575
0.20949,0.28554
0.28491,0.33641
0.42852,0.40287
0.36013,0.40241
0.30898,0.36807
0.06652,0.50894
0.0039714,0.39247
0.4085,0.29296
0.13517,0.33371
0.23537,0.33795
0.15847,0.33721
0.17297,0.33149
0.46792,0.37209
0.0099888,0.53281
0.31327,0.36591
0.23322,0.31066
0.40425,0.25062
0.22007,0.46631
0.081868,0.36935
0.24289,0.30757
0.37757,0.30605
0.19733,0.34506
0.023412,0.40459
0.18328,0.29574
0.45637,0.32545
0.18334,0.41231
0.038061,0.40668
0.40537,0.30856
0.30397,0.29606
0.19629,0.35001
0.3179,0.37656
0.48648,0.37336
0.49833,0.29535
0.27396,0.37641
0.38763,0.46673
0.26166,0.43208
0.19496,0.32411
0.12432,0.3741
0.18432,0.33747
0.31343,0.31805
0.040726,0.4033
0.050559,0.32534
0.42948,0.29482
0.31528,0.41878
0.31618,0.48632
0.35905,0.46031
0.38237,0.42923
0.35223,0.38265
0.11215,0.38596
0.25177,0.34387
0.14155,0.28612
0.33448,0.25113
0.34109,0.43777
0.23708,0.47761
0.33918,0.44984
0.011434,0.50544
0.095418,0.35801
0.15416,0.32724
0.10252,0.28666
0.41256,0.27809
0.13812,0.32188
0.35114,0.32531
0.29,0.43854
0.4541,0.41733
0.095306,0.53361
0.1242,0.36289
0.12669,0.29286
0.13186,0.26964
0.27811,0.24872
0.23499,0.39011
0.40306,0.33595
0.24558,0.4738
0.11216,0.43813
0.045484,0.39027
0.12733,0.29649
0.1447,0.26453
0.32542,0.25184
0.31612,0.28222
0.028831,0.36413
0.32391,0.28289
0.3113,0.42851
0.011152,0.41763
0.026028,0.29851
0.046139,0.24024
0.068135,0.21845
0.26231,0.21362
0.1653,0.32415
0.0081847,0.32539
0.15043,0.24863
0.4011,0.28495
0.31978,0.41552
0.49254,0.29206
0.40703,0.24864
0.16153,0.23771
0.42234,0.22121
0.44447,0.36364
0.0068561,0.37315
0.48096,0.26821
0.14802,0.3286
0.42654,0.33748
0.094874,0.45792
0.022852,0.37911
0.33294,0.28864
0.36798,0.31425
0.1602,0.47975
0.10996,0.43686
0.17776,0.31222
0.14238,0.37816
0.081263,0.31527
0.050287,0.30489
0.020633,0.25453
0.15891,0.22115
0.41537,0.28226
0.21752,0.46051
0.25003,0.36976
0.40937,0.31384
0.36043,0.35372
0.37903,0.34064
0.13853,0.30318
0.31369,0.24998
0.097659,0.22407
0.30981,0.22544
0.10604,0.39587
0.24626,0.31743
0.22455,0.33669
0.10444,0.39042
0.09676,0.33484
0.029128,0.30767
0.087713,0.24582
0.45377,0.25224
0.38038,0.28037
0.27917,0.40415
0.12969,0.33163
0.24035,0.30048
0.4563,0.31894
0.079317,0.31766
0.15804,0.25595
0.35881,0.22227
0.15723,0.24645
0.3509,0.31706
0.32558,0.44281
0.035537,0.43909
0.0099784,0.30873
0.49791,0.24514
0.37362,0.55251
0.27793,0.40269
0.34034,0.35581
0.30596,0.45277
0.42444,0.39318
0.33784,0.51822
0.0060818,0.52698
0.42359,0.36895
0.10007,0.29312
0.15834,0.3229
0.085529,0.35321
0.15513,0.31205
0.034203,0.33362
0.30107,0.28042
0.31631,0.42772
0.19441,0.46854
0.30647,0.32872
0.22418,0.45069
0.3628,0.34933
0.0067428,0.35432
0.16407,0.27198
0.010246,0.26842
0.13741,0.22848
0.38285,0.26977
0.25987,0.40868
0.079102,0.36784
0.47653,0.30738
0.44175,0.40282
0.40989,0.52628
0.10796,0.35166
0.42073,0.29191
0.21244,0.244
0.24472,0.25845
0.4007,0.36238
0.001027,0.42872
0.26386,0.30465
0.18743,0.43298
0.11466,0.43211
0.14692,0.37863
0.40559,0.30336
0.22307,0.49911
0.22448,0.41177
0.41403,0.38442
0.098525,0.53987
0.21363,0.37321
0.29784,0.37228
0.14335,0.37226
0.34048,0.31203
0.07724,0.33022
0.2939,0.31043
0.0071281,0.35209
0.47973,0.27419
0.35999,0.52984
0.20355,0.41193
0.47581,0.36375
0.29496,0.4877
0.23012,0.40104
0.48748,0.4135
0.17331,0.36064
0.10035,0.35501
0.32782,0.27769
0.16932,0.47301
0.25426,0.42969
0.29943,0.39192
0.33892,0.50876
0.011422,0.50685
0.36257,0.36036
0.097332,0.54669
0.24477,0.40441
0.029388,0.34419
0.30308,0.29074
0.47548,0.32608
0.28962,0.44617
0.030393,0.45598
0.15764,0.34778
0.035621,0.2771
0.39322,0.25514
0.37428,0.28108
0.13025,0.36993
0.018018,0.2795
0.078346,0.23857
0.22809,0.26654
0.37428,0.32193
0.040949,0.26344
0.48304,0.22693
0.46279,0.22543
0.25902,0.47135
0.49505,0.45622
0.38846,0.40475
0.12589,0.29577
0.26344,0.25042
0.10705,0.30511
0.36489,0.30078
0.11633,0.26077
0.18199,0.30421
0.36716,0.36741
0.20257,0.41564
0.28793,0.44496
0.45876,0.47579
0.3136,0.41075
0.32966,0.41977
0.34617,0.35663
0.408,0.46345
0.086455,0.40105
0.31379,0.32532
0.38945,0.43679
0.1058,0.44001
0.24287,0.36954
0.45386,0.45373
0.17072,0.54211
0.076085,0.46112
0.14569,0.37583
0.40549,0.38213
0.015799,0.34723
0.107,0.28338
0.21234,0.30549
0.47862,0.28584
0.38618,0.41452
0.013835,0.56708
0.35476,0.38609
0.32452,0.32984
0.1424,0.33052
0.26115,0.34579
0.1465,0.27209
0.19894,0.25304
0.052768,0.28344
0.29659,0.27207
0.12144,0.40042
0.0097178,0.29153
0.061273,0.23876
0.11946,0.23748
0.28253,0.23149
0.19725,0.31283
0.2786,0.28088
0.060877,0.30675
0.23228,0.24064
0.35692,0.30938
0.10085,0.30192
0.032539,0.23359
0.30111,0.20453
0.37013,0.24251
0.40813,0.36192
0.27254,0.37991
0.33703,0.38223
0.13122,0.30208
0.16714,0.28103
0.24981,0.31594
0.3035,0.28005
0.11848,0.24061
0.17092,0.26168
0.21842,0.31327
0.39728,0.37655
0.14874,0.43437
0.076196,0.37474
0.11744,0.28701
0.20174,0.26097
0.15482,0.29493
0.10115,0.30503
0.26002,0.25752
0.021989,0.28468
0.24333,0.238
0.4758,0.35346
0.36298,0.36682
0.29764,0.30698
0.49369,0.28989
0.2452,0.37924
0.067321,0.32905
0.41412,0.26011
0.23499,0.37942
0.36415,0.28205
0.37955,0.36245
0.43898,0.5396
0.15989,0.5952
0.16752,0.46077
0.38931,0.45163
0.14444,0.4699
0.45914,0.35259
0.12691,0.56421
0.077813,0.43976
0.45151,0.37378
0.47461,0.55534
0.16168,0.71248
0.17102,0.52978
0.14539,0.43198
0.078915,0.41993
0.46474,0.3449
0.19238,0.60502
0.48799,0.46869
0.12467,0.41197
0.073204,0.40801
0.073645,0.37424
0.10243,0.31821
0.35027,0.29036
0.13417,0.32263
0.48164,0.27662
0.014939,0.57158
0.055422,0.39145
0.35265,0.33304
0.11124,0.32744
0.095228,0.26961
0.052704,0.23825
0.42413,0.21935
0.30809,0.42419
0.49639,0.36082
0.19173,0.62843
0.049606,0.4111
0.093539,0.30153
0.25149,0.29291
0.25484,0.28071
0.094736,0.26871
0.42228,0.23413
0.11366,0.47895
0.1302,0.38437
0.243,0.38224
0.43797,0.35457
0.44321,0.29904
0.1277,0.3009
0.46734,0.28774
0.48861,0.41203
0.25168,0.36315
0.36232,0.43186
0.49016,0.37111
0.035744,0.37362
0.3355,0.29192
0.11297,0.45886
0.36965,0.39513
0.35799,0.36217
0.41575,0.52747
0.36942,0.66811
0.2267,0.58165
0.39647,0.52746
0.016127,0.66994
0.12655,0.46452
0.37572,0.41794
0.1628,0.39506
0.41525,0.40774
0.22662,0.54769
0.27733,0.54824
0.43168,0.56147
0.033156,0.55902
0.24924,0.42995
0.30006,0.34253
0.34768,0.33977
0.056156,0.47516
0.065679,0.36571
0.1266,0.33432
0.47168,0.31862
0.13789,0.4599
0.26677,0.42353
0.28936,0.32606
0.13069,0.3682
0.17669,0.33839
0.15009,0.35711
0.37394,0.28704
0.32618,0.27431
0.020285,0.29207
0.28517,0.25228
0.077063,0.27729
0.46612,0.25834
0.13296,0.41897
0.28447,0.3172
0.0049339,0.31929
0.48768,0.24565
0.45727,0.48338
0.2931,0.54461
0.45124,0.36513
0.38154,0.46613
0.04635,0.37008
0.17315,0.31354
0.34322,0.28886
0.37491,0.38675
0.17981,0.29196
0.15332,0.37395
0.23073,0.38998
0.10327,0.39236
0.25693,0.35899
0.30509,0.41994
0.35398,0.3225
0.48375,0.34575
0.23444,0.51451
0.47218,0.48387
0.22355,0.46672
0.064098,0.38637
0.097251,0.31693
0.45069,0.27366
0.21674,0.409
0.28039,0.40245
0.3339,0.44853
0.23357,0.56763
0.073929,0.4736
0.038718,0.39458
0.23198,0.31303
0.39685,0.27859
0.080106,0.29549
0.34347,0.29978
0.2545,0.3598
0.021712,0.38394
0.11793,0.29929
0.49153,0.28596
0.42058,0.28868
0.056359,0.25721
0.44848,0.23615
0.15024,0.47306
0.093247,0.33517
0.3174,0.30254
0.037086,0.36066
0.32739,0.26752
0.10986,0.27972
0.13558,0.30808
0.38069,0.32585
0.054906,0.28119
0.26754,0.26586
0.16251,0.28258
0.29515,0.25002
0.16497,0.35208
0.12929,0.26715
0.18544,0.28211
0.45053,0.25602
0.11544,0.30518
0.19939,0.30124
0.32857,0.24962
0.49919,0.34184
0.27478,0.37359
0.11888,0.38937
0.47672,0.30693
0.062377,0.33169
0.35718,0.2689
0.068241,0.46406
0.29377,0.32835
0.44023,0.34146
0.047813,0.47738
0.41562,0.36551
0.34602,0.44761
0.26493,0.37927
0.2954,0.4736
0.34388,0.36155
0.33334,0.46335
0.40261,0.36816
0.15546,0.46161
0.052045,0.43668
0.47928,0.3272
0.17225,0.56378
0.017632,0.47926
0.051155,0.35417
0.1026,0.30488
0.11435,0.3072
0.45541,0.31179
0.43846,0.5296
0.29661,0.46906
0.036076,0.35965
0.055706,0.30588
0.33381,0.26711
0.45537,0.23822
0.41715,0.24747
0.29406,0.27978
0.012576,0.28076
0.10508,0.23899
0.44988,0.27924
0.046264,0.42535
0.0076077,0.29226
0.24776,0.23003
0.061932,0.32503
0.09309,0.28592
0.069402,0.28527
0.026743,0.25788
0.3937,0.21527
0.29139,0.25715
0.37863,0.41047
0.27846,0.31067
0.071123,0.24096
0.27687,0.23268
0.0048994,0.22835
0.14536,0.2003
0.30686,0.20165
0.49642,0.19857
0.45712,0.47751
0.034768,0.50891
0.49282,0.34901
0.03989,0.462
0.33626,0.31447
0.14345,0.38389
0.17032,0.28003
0.30424,0.26842
0.018937,0.36679
0.32847,0.29034
0.18276,0.46606
0.22977,0.33533
0.0058231,0.42941
0.15139,0.30639
0.14578,0.321
0.43793,0.283
0.45689,0.34414
0.26482,0.47044
0.0052835,0.33363
0.26409,0.26241
0.27472,0.29772
0.33688,0.33437
0.01894,0.2598
0.08104,0.22398
0.29802,0.21997
0.21744,0.39508
0.29119,0.4296
0.034361,0.41386
0.45053,0.29004
0.34477,0.41083
0.032975,0.4326
0.36638,0.3202
0.20951,0.26084
0.11607,0.24802
0.13562,0.26872
0.26413,0.27147
0.49953,0.34223
0.021327,0.28418
0.18745,0.24413
0.44851,0.30782
0.22222,0.2604
0.31958,0.3368
0.090694,0.34904
0.14786,0.27133
0.13184,0.25131
0.23874,0.2643
0.43662,0.39666
0.46435,0.29179
0.19782,0.36149
0.17337,0.3974
0.16536,0.34021
0.29875,0.33679
0.08793,0.29658
0.041007,0.25605
0.3086,0.2258
0.19163,0.31401
0.0045136,0.37021
0.37306,0.27326
0.33758,0.33601
0.11883,0.34146
0.20346,0.28467
0.40626,0.31977
0.45227,0.29777
0.24299,0.2621
0.29695,0.33075
0.2502,0.33634
0.23007,0.25561
0.28318,0.34425
0.45355,0.40018
0.2815,0.36438
0.29891,0.35345
0.030799,0.44588
0.0018177,0.33025
0.31374,0.25626
0.23378,0.36041
0.013283,0.35798
0.0073867,0.27406
0.041009,0.23314
0.18153,0.2372
0.26912,0.28591
0.21986,0.35125
0.19932,0.27054
0.11262,0.22171
0.47995,0.25109
0.11176,0.37933
0.38849,0.27031
0.30332,0.2229
0.44872,0.21588
0.2185,0.31616
0.46229,0.32708
0.36567,0.3968
0.16001,0.38534
0.11352,0.30018
0.34229,0.31778
0.21716,0.30248
0.020926,0.36349
0.20092,0.27578
0.01463,0.36211
0.26326,0.27403
0.17204,0.41005
0.20528,0.38684
0.049139,0.33066
0.35792,0.26251
0.48649,0.40565
0.050602,0.44859
0.49036,0.31511
0.14468,0.39701
0.09007,0.29359
0.43059,0.27538
0.47734,0.34227
0.020869,0.40884
0.41298,0.29532
0.070854,0.46118
0.28164,0.37406
0.36564,0.30114
0.094741,0.51144
0.11324,0.36759
0.31399,0.29231
0.0017646,0.44354
0.38488,0.31855
0.45386,0.26772
0.43165,0.5101
0.067336,0.39704
0.39688,0.32267
0.017949,0.47468
0.40368,0.33765
0.24485,0.33287
0.14857,0.37671
0.42365,0.28463
0.35196,0.48153
0.23104,0.57522
0.11137,0.53988
0.29083,0.38451
0.27777,0.46751
0.4471,0.3472
0.12787,0.54654
0.34608,0.42943
0.40947,0.40115
0.32441,0.56996
0.19005,0.57742
0.079789,0.47879
0.39765,0.3705
0.12786,0.46934
0.36509,0.40338
0.33339,0.55851
0.42633,0.46569
0.24651,0.57102
0.28289,0.56164
0.43462,0.5473
0.1272,0.52501
0.057469,0.4027
0.24531,0.35325
0.28368,0.33883
0.19039,0.43709
0.046875,0.43039
0.0013722,0.35879
0.45878,0.28934
0.15658,0.44288
0.32644,0.4263
0.43931,0.37553
0.28758,0.32292
0.42592,0.36365
0.35854,0.45917
0.16685,0.42982
0.41649,0.32447
0.39542,0.25973
0.29142,0.49801
0.15706,0.41502
0.21276,0.38182
0.43813,0.42787
0.081718,0.50041
0.045599,0.40391
0.14518,0.3285
0.35569,0.30009
0.40267,0.46985
0.49226,0.57342
0.070585,0.61046
0.36433,0.43441
0.38655,0.44283
0.33473,0.58634
0.40091,0.45327
0.22259,0.36772
0.044554,0.34276
0.021081,0.30511
0.40656,0.27423
0.48554,0.54267
0.037482,0.43251
0.078058,0.34067
0.42838,0.3171
0.42361,0.47304
0.14016,0.58769
0.25433,0.44016
0.0061938,0.33831
0.26579,0.27022
0.35704,0.39742
0.47894,0.56153
0.0045002,0.41215
0.43175,0.30945
0.17628,0.53382
0.41003,0.48756
0.28561,0.43823
0.096217,0.43221
0.10463,0.32091
0.102,0.30479
0.32668,0.31004
0.26934,0.49143
0.48757,0.34853
0.38624,0.58963
0.021674,0.50453
0.034476,0.37134
0.076944,0.30251
0.45359,0.262
0.44641,0.29964
0.029034,0.31489
0.44673,0.26844
0.3657,0.41139
0.15618,0.56642
