ds,y
2012-10-01,282.1181974809091
2012-10-02,286.1377282244583
2012-10-03,289.5997916666667
2012-10-04,286.48249999999996
2012-10-05,288.2860416666666
2012-10-06,288.2910416666667
2012-10-07,288.2625
2012-10-08,288.4870833333333
2012-10-09,285.1933333333333
2012-10-10,284.36395833333336
2012-10-11,286.5997916666667
2012-10-12,283.68125000000003
2012-10-13,284.83958333333334
2012-10-14,286.33083333333343
2012-10-15,287.9283333333333
2012-10-16,288.75458333333336
2012-10-17,287.9058333333333
2012-10-18,282.69583333333327
2012-10-19,283.44375
2012-10-20,286.3575
2012-10-21,283.0375
2012-10-22,280.40458333333333
2012-10-23,280.89708333333334
2012-10-24,280.13916666666665
2012-10-25,280.8524999999999
2012-10-26,280.7808333333333
2012-10-27,281.24250000000006
2012-10-28,283.30375000000004
2012-10-29,287.54083333333335
2012-10-30,288.46958333333333
2012-10-31,287.4275
2012-11-01,286.9341666666667
2012-11-02,285.68625000000003
2012-11-03,285.1916666666667
2012-11-04,285.85729166666675
2012-11-05,288.25125
2012-11-06,289.0691666666667
2012-11-07,285.25375
2012-11-08,283.2625
2012-11-09,279.17166666666657
2012-11-10,277.94625
2012-11-11,276.8308333333333
2012-11-12,277.40270833333324
2012-11-13,280.91
2012-11-14,282.4541666666667
2012-11-15,283.1445833333333
2012-11-16,280.660625
2012-11-17,281.6220833333333
2012-11-18,281.62666666666667
2012-11-19,280.30875000000003
2012-11-20,283.88124999999997
2012-11-21,283.55
2012-11-22,280.83750000000003
2012-11-23,277.83625000000006
2012-11-24,279.63
2012-11-25,282.2058333333333
2012-11-26,277.99125
2012-11-27,279.68583333333333
2012-11-28,276.89916666666664
2012-11-29,278.08458333333334
2012-11-30,280.64562500000005
2012-12-01,282.2054166666667
2012-12-02,282.90062500000005
2012-12-03,281.64625
2012-12-04,282.1860416666667
2012-12-05,283.5558333333334
2012-12-06,280.6829166666667
2012-12-07,278.5522291666667
2012-12-08,280.6016666666667
2012-12-09,277.52270833333336
2012-12-10,278.3354166666667
2012-12-11,281.17333333333335
2012-12-12,279.86291666666665
2012-12-13,278.8066666666667
2012-12-14,278.02208333333334
2012-12-15,277.09
2012-12-16,275.7074999999999
2012-12-17,277.17833333333334
2012-12-18,279.5420833333333
2012-12-19,275.23291666666665
2012-12-20,275.9627083333333
2012-12-21,278.3937500000001
2012-12-22,276.58916666666664
2012-12-23,278.97916666666663
2012-12-24,278.29791666666665
2012-12-25,277.19666666666666
2012-12-26,277.31583333333333
2012-12-27,277.3275
2012-12-28,277.4697916666666
2012-12-29,276.97625
2012-12-30,274.8591666666667
2012-12-31,275.05645833333335
2013-01-01,273.26479166666667
2013-01-02,273.14625
2013-01-03,272.9222916666666
2013-01-04,273.81458333333336
2013-01-05,275.0741145833333
2013-01-06,275.06333333333333
2013-01-07,275.39916666666664
2013-01-08,279.66472916666675
2013-01-09,281.8747916666667
2013-01-10,278.9123666666666
2013-01-11,275.79338194445836
2013-01-12,274.6197083333332
2013-01-13,271.83942361112497
2013-01-14,271.458701388875
2013-01-15,271.3102083333333
2013-01-16,274.1470833333333
2013-01-17,273.5999583333333
2013-01-18,274.08916666666664
2013-01-19,273.3091666666666
2013-01-20,274.3228125
2013-01-21,272.3572083333333
2013-01-22,272.750625
2013-01-23,272.95645833333333
2013-01-24,273.86875000000003
2013-01-25,274.83500000000004
2013-01-26,277.94335416666667
2013-01-27,277.59682986112506
2013-01-28,277.1745833333333
2013-01-29,277.2206319444583
2013-01-30,279.09213541666674
2013-01-31,280.2627083333333
2013-02-01,281.04833333333335
2013-02-02,279.9283333333334
2013-02-03,279.10416666666663
2013-02-04,278.01875
2013-02-05,279.81354166666665
2013-02-06,280.4908333333334
2013-02-07,280.1216666666667
2013-02-08,279.3666666666666
2013-02-09,275.855625
2013-02-10,276.2477083333333
2013-02-11,278.6177083333333
2013-02-12,278.8200972222083
2013-02-13,280.1195833333333
2013-02-14,281.97812500000003
2013-02-15,279.6179166666667
2013-02-16,280.29375
2013-02-17,280.70875000000007
2013-02-18,277.83041666666674
2013-02-19,276.79625
2013-02-20,279.02777777779164
2013-02-21,277.3995555555416
2013-02-22,277.9858333333334
2013-02-23,279.44708333333335
2013-02-24,277.7183333333333
2013-02-25,277.738701388875
2013-02-26,279.63699999999994
2013-02-27,277.0997916666666
2013-02-28,280.3607083333333
2013-03-01,282.2395833333333
2013-03-02,285.41937500000006
2013-03-03,283.91208333333327
2013-03-04,279.05312499999997
2013-03-05,277.5814583333333
2013-03-06,278.6915041666667
2013-03-07,278.5143750000001
2013-03-08,279.33425
2013-03-09,278.5509375
2013-03-10,279.55000000000007
2013-03-11,279.267
2013-03-12,281.3049375
2013-03-13,283.3676666666667
2013-03-14,284.46201388887505
2013-03-15,285.03338194445837
2013-03-16,285.4407916666666
2013-03-17,281.79074999999995
2013-03-18,278.11924999999997
2013-03-19,278.63697916666666
2013-03-20,279.2617916666666
2013-03-21,282.06541666666664
2013-03-22,278.24666666666667
2013-03-23,277.0804166666666
2013-03-24,276.38
2013-03-25,278.77916666666664
2013-03-26,281.9979166666667
2013-03-27,281.9943541666667
2013-03-28,282.8258333333333
2013-03-29,284.9695833333332
2013-03-30,286.6629166666666
2013-03-31,286.74583333333334
2013-04-01,289.66386111112496
2013-04-02,287.46143055554165
2013-04-03,286.365
2013-04-04,284.75291666666664
2013-04-05,286.62895833333334
2013-04-06,285.9061666666667
2013-04-07,283.70208333333335
2013-04-08,281.8483333333333
2013-04-09,280.45708333333334
2013-04-10,281.14625
2013-04-11,284.9216666666666
2013-04-12,281.85125
2013-04-13,280.72875
2013-04-14,280.27541666666673
2013-04-15,279.65416666666664
2013-04-16,279.4962500000001
2013-04-17,281.1079166666667
2013-04-18,280.84625
2013-04-19,283.43458333333336
2013-04-20,284.30416666666673
2013-04-21,283.9740208333333
2013-04-22,283.09583333333336
2013-04-23,282.4745833333333
2013-04-24,284.29229166666676
2013-04-25,286.4033333333333
2013-04-26,288.0287291666666
2013-04-27,288.5016666666666
2013-04-28,289.0325000000001
2013-04-29,286.9795833333334
2013-04-30,285.86208333333326
2013-05-01,280.939375
2013-05-02,282.02124999999995
2013-05-03,288.56791666666663
2013-05-04,289.96375
2013-05-05,291.28625000000005
2013-05-06,293.0841666666667
2013-05-07,291.79624999999993
2013-05-08,290.4108333333333
2013-05-09,287.74000000000007
2013-05-10,288.2991666666666
2013-05-11,291.9904166666667
2013-05-12,293.5454166666667
2013-05-13,292.92291666666665
2013-05-14,288.73333333333335
2013-05-15,285.2995833333333
2013-05-16,285.49833333333333
2013-05-17,286.4591041666667
2013-05-18,285.65583333333325
2013-05-19,285.0566666666667
2013-05-20,285.68125000000003
2013-05-21,286.0224999999999
2013-05-22,286.24583333333334
2013-05-23,279.99375000000003
2013-05-24,281.70833333333337
2013-05-25,283.1508333333333
2013-05-26,285.31458333333336
2013-05-27,287.66041666666666
2013-05-28,286.19770833333337
2013-05-29,286.58229166666666
2013-05-30,286.48166666666674
2013-05-31,285.4554166666666
2013-06-01,286.68708333333336
2013-06-02,288.07958333333323
2013-06-03,290.24083333333334
2013-06-04,288.2254166666667
2013-06-05,290.4883333333333
2013-06-06,294.2566666666668
2013-06-07,293.3170833333333
2013-06-08,292.1020833333333
2013-06-09,289.91375000000005
2013-06-10,289.9483333333334
2013-06-11,287.4377083333333
2013-06-12,287.65000000000003
2013-06-13,286.76083333333327
2013-06-14,285.63375
2013-06-15,286.22708333333327
2013-06-16,288.68291666666664
2013-06-17,290.07500000000005
2013-06-18,290.61791666666664
2013-06-19,290.28787500000004
2013-06-20,286.2294375
2013-06-21,286.70702083333333
2013-06-22,288.5442895833334
2013-06-23,289.4025104166667
2013-06-24,291.30677083333336
2013-06-25,289.20625
2013-06-26,288.67458333333326
2013-06-27,289.8103333333334
2013-06-28,292.6651458333333
2013-06-29,295.37291666666664
2013-06-30,296.66172916666665
2013-07-01,296.9881875000001
2013-07-02,297.70487499999996
2013-07-03,296.594625
2013-07-04,294.6448333333333
2013-07-05,291.1043333333334
2013-07-06,289.24437500000005
2013-07-07,290.09375
2013-07-08,291.2345833333333
2013-07-09,291.1870833333333
2013-07-10,294.7804166666667
2013-07-11,294.08625
2013-07-12,289.93312499999996
2013-07-13,289.3908333333333
2013-07-14,290.0229166666667
2013-07-15,292.8009166666667
2013-07-16,293.1084166666667
2013-07-17,295.6139583333333
2013-07-18,292.8966666666666
2013-07-19,290.78291666666667
2013-07-20,291.72875
2013-07-21,291.1358333333333
2013-07-22,291.1958333333333
2013-07-23,291.67059722220836
2013-07-24,293.4324375
2013-07-25,295.3216666666667
2013-07-26,294.92689583333333
2013-07-27,294.7066666666667
2013-07-28,291.7058333333333
2013-07-29,289.4142083333333
2013-07-30,289.4764583333333
2013-07-31,290.4691666666667
2013-08-01,290.75054166666666
2013-08-02,289.0045
2013-08-03,288.68289583333336
2013-08-04,290.78000000000003
2013-08-05,294.23914583333334
2013-08-06,295.7358333333334
2013-08-07,295.13218750000004
2013-08-08,294.8795
2013-08-09,293.52450000000005
2013-08-10,293.1671875
2013-08-11,293.6191666666667
2013-08-12,291.52166666666665
2013-08-13,291.7354166666667
2013-08-14,292.32146875000007
2013-08-15,293.61709027779165
2013-08-16,293.34606249999985
2013-08-17,293.4277916666666
2013-08-18,293.5728333333333
2013-08-19,293.64625000000007
2013-08-20,293.4841666666666
2013-08-21,291.81770833333337
2013-08-22,293.21604166666674
2013-08-23,293.924375
2013-08-24,292.5314166666667
2013-08-25,292.08066666666656
2013-08-26,289.9843958333333
2013-08-27,290.60052083333335
2013-08-28,292.48666666666674
2013-08-29,294.01930208333334
2013-08-30,293.7008333333334
2013-08-31,292.91144791666665
2013-09-01,293.9316666666667
2013-09-02,293.4779375
2013-09-03,292.14445416666666
2013-09-04,291.01409375000003
2013-09-05,290.95495138887503
2013-09-06,289.26976805554165
2013-09-07,289.1882625
2013-09-08,292.17560416666674
2013-09-09,293.444375
2013-09-10,294.78912499999996
2013-09-11,297.79148611112504
2013-09-12,294.64005833333334
2013-09-13,292.3179895833334
2013-09-14,293.10295138887506
2013-09-15,291.7713402777916
2013-09-16,289.8788166666666
2013-09-17,287.90045833333335
2013-09-18,287.19579166666676
2013-09-19,285.88344444445835
2013-09-20,287.4201319444583
2013-09-21,287.8418874999999
2013-09-22,286.2359208333333
2013-09-23,286.6577881944583
2013-09-24,285.5387430555833
2013-09-25,283.975826388875
2013-09-26,284.2088055555417
2013-09-27,284.2925
2013-09-28,288.02654166666656
2013-09-29,286.3608090277916
2013-09-30,285.13989583333336
2013-10-01,282.4657958333333
2013-10-02,280.00914166666666
2013-10-03,281.833170138875
2013-10-04,281.8633333333333
2013-10-05,284.4786249999999
2013-10-06,284.01479166666655
2013-10-07,284.37779166666667
2013-10-08,283.7974777777917
2013-10-09,280.9957083333333
2013-10-10,282.07762499999995
2013-10-11,282.53683333333333
2013-10-12,282.75637638887497
2013-10-13,280.420375
2013-10-14,282.7863625
2013-10-15,284.23499999999996
2013-10-16,283.634951388875
2013-10-17,283.25711111112497
2013-10-18,285.4533333333333
2013-10-19,284.1052430555416
2013-10-20,283.40832638891663
2013-10-21,284.1631145833333
2013-10-22,287.4780104166666
2013-10-23,283.4583020833333
2013-10-24,284.8898659722084
2013-10-25,284.89112499999993
2013-10-26,284.21532083333335
2013-10-27,281.27869791666666
2013-10-28,278.55041666666665
2013-10-29,277.7506041666667
2013-10-30,277.0027083333333
2013-10-31,280.4567916666666
2013-11-01,279.62881250000004
2013-11-02,281.99283333333335
2013-11-03,278.774375
2013-11-04,279.0117708333333
2013-11-05,281.14293749999996
2013-11-06,282.2062916666667
2013-11-07,283.38958333333323
2013-11-08,281.52750000000003
2013-11-09,279.7222916666667
2013-11-10,282.14875
2013-11-11,281.8908333333333
2013-11-12,283.2495833333333
2013-11-13,283.19125
2013-11-14,280.26260416666673
2013-11-15,279.9423541666667
2013-11-16,281.25681249999997
2013-11-17,281.11283333333324
2013-11-18,286.08672916666666
2013-11-19,283.78687499999995
2013-11-20,280.1988333333333
2013-11-21,289.143
2013-11-22,288.2276666666666
2013-11-23,289.143
2013-11-24,287.3284791666666
2013-11-25,283.645875
2013-11-26,279.84
2013-11-27,279.42197916666663
2013-11-28,279.13833333333326
2013-11-29,277.1515
2013-11-30,278.9225
2013-12-01,282.8183333333333
2013-12-02,280.59499999999997
2013-12-03,275.63624999999996
2013-12-04,271.01770833333336
2013-12-05,269.3016666666667
2013-12-06,269.45416666666665
2013-12-07,268.23562499999997
2013-12-08,265.50375
2013-12-09,266.32272916666665
2013-12-10,271.5675
2013-12-11,272.0566666666667
2013-12-12,272.5037916666666
2013-12-13,276.65395833333326
2013-12-14,278.43393749999996
2013-12-15,277.9159999999999
2013-12-16,278.3374583333333
2013-12-17,276.37250000000006
2013-12-18,275.98020833333334
2013-12-19,277.56652083333336
2013-12-20,273.8097916666666
2013-12-21,279.915
2013-12-22,281.42875
2013-12-23,281.9320833333333
2013-12-24,276.1314583333334
2013-12-25,275.18916666666667
2013-12-26,274.2775625
2013-12-27,273.8495833333333
2013-12-28,276.08375
2013-12-29,276.4616666666667
2013-12-30,276.21229166666666
2013-12-31,277.250625
2014-01-01,278.45750000000004
2014-01-02,278.2217708333333
2014-01-03,278.06500000000005
2014-01-04,275.0695802092083
2014-01-05,274.236875
2014-01-06,277.37083333333345
2014-01-07,277.4058333333333
2014-01-08,280.70414583333337
2014-01-09,279.82097916666663
2014-01-10,281.95631249999997
2014-01-11,283.6361741992916
2014-01-12,280.4630416666667
2014-01-13,282.763125
2014-01-14,281.44584028162495
2014-01-15,277.7364606475
2014-01-16,276.1945833333333
2014-01-17,285.2547934775
2014-01-18,288.66592418770836
2014-01-19,280.6119791666666
2014-01-20,275.9658333333333
2014-01-21,275.85666666666674
2014-01-22,276.7772916666667
2014-01-23,277.73583333333335
2014-01-24,278.2756147019166
2014-01-25,275.99000000000007
2014-01-26,275.70437499999997
2014-01-27,275.13125
2014-01-28,277.1183333333334
2014-01-29,279.74583333333334
2014-01-30,280.06791666666663
2014-01-31,278.52000000000004
2014-02-01,278.60125
2014-02-02,276.0729166666667
2014-02-03,276.17041666666665
2014-02-04,273.32458333333335
2014-02-05,270.22125
2014-02-06,267.1508333333333
2014-02-07,266.85416666666663
2014-02-08,269.6545833333333
2014-02-09,271.8762500000001
2014-02-10,273.9845833333333
2014-02-11,278.9466666666667
2014-02-12,282.2054166666667
2014-02-13,283.0195833333333
2014-02-14,282.39208333333335
2014-02-15,280.585
2014-02-16,280.1358333333332
2014-02-17,282.5429166666667
2014-02-18,281.7329166666667
2014-02-19,278.75749999999994
2014-02-20,280.1637499999999
2014-02-21,279.49250000000006
2014-02-22,277.3691666666667
2014-02-23,277.8954166666667
2014-02-24,280.5245833333333
2014-02-25,278.9391666666667
2014-02-26,279.17875
2014-02-27,278.3725
2014-02-28,280.27375
2014-03-01,279.65749999999997
2014-03-02,275.1791666666667
2014-03-03,283.0566666666667
2014-03-04,283.7704166666667
2014-03-05,285.00129166666665
2014-03-06,284.8204166666666
2014-03-07,283.57624999999996
2014-03-08,282.2295833333333
2014-03-09,285.6395833333333
2014-03-10,283.515
2014-03-11,279.4825
2014-03-12,281.83625
2014-03-13,281.34625000000005
2014-03-14,285.02625
2014-03-15,282.64875
2014-03-16,286.53833333333336
2014-03-17,279.5537499999999
2014-03-18,280.0295833333333
2014-03-19,280.7345833333334
2014-03-20,277.90291666666667
2014-03-21,278.2245833333334
2014-03-22,280.1345833333333
2014-03-23,281.61541666666665
2014-03-24,283.14750000000004
2014-03-25,285.43541666666664
2014-03-26,281.50291666666664
2014-03-27,281.56791666666663
2014-03-28,282.5283333333333
2014-03-29,282.2933333333333
2014-03-30,281.6529166666666
2014-03-31,280.17791666666665
2014-04-01,281.59083333333336
2014-04-02,281.58195833333326
2014-04-03,282.70125
2014-04-04,282.3225
2014-04-05,282.93083333333334
2014-04-06,284.54125000000005
2014-04-07,285.9666666666667
2014-04-08,287.7537500000001
2014-04-09,284.83416666666665
2014-04-10,283.6295833333333
2014-04-11,284.63500000000005
2014-04-12,284.80041666666665
2014-04-13,285.70958333333334
2014-04-14,287.8704166666667
2014-04-15,284.48291666666665
2014-04-16,284.2354166666667
2014-04-17,284.1316666666666
2014-04-18,281.91875000000005
2014-04-19,282.3158333333334
2014-04-20,283.57929861112495
2014-04-21,285.555
2014-04-22,282.65416666666664
2014-04-23,281.82750000000004
2014-04-24,284.5329166666666
2014-04-25,281.97791666666666
2014-04-26,281.4283333333334
2014-04-27,281.6845833333333
2014-04-28,282.175
2014-04-29,286.50485416666663
2014-04-30,289.60056249999997
2014-05-01,293.4208333333333
2014-05-02,291.4925625
2014-05-03,286.21475000000004
2014-05-04,284.6422395833334
2014-05-05,284.9870833333334
2014-05-06,285.6496854980416
2014-05-07,284.33820833333334
2014-05-08,285.17124999999993
2014-05-09,284.43791666666664
2014-05-10,282.7287083333334
2014-05-11,284.6833333333334
2014-05-12,288.5851666666666
2014-05-13,291.7320416666667
2014-05-14,294.77899999999994
2014-05-15,295.48983333333325
2014-05-16,290.19437500000004
2014-05-17,288.6041666666667
2014-05-18,287.29375
2014-05-19,286.53166666666664
2014-05-20,288.7333333333334
2014-05-21,287.89263307037487
2014-05-22,290.6345833333333
2014-05-23,292.4916666666666
2014-05-24,289.3629166666667
2014-05-25,288.47625
2014-05-26,288.69250000000005
2014-05-27,287.64708333333334
2014-05-28,285.62416666666655
2014-05-29,286.2633333333333
2014-05-30,287.42333333333335
2014-05-31,289.8625
2014-06-01,288.47166666666664
2014-06-02,289.9108333333333
2014-06-03,287.97192130175
2014-06-04,287.4990420219583
2014-06-05,288.3620833333333
2014-06-06,289.70916666666665
2014-06-07,290.4291666666667
2014-06-08,291.0054166666667
2014-06-09,290.799336014125
2014-06-10,288.9553167008333
2014-06-11,289.95833628233333
2014-06-12,289.84545861966666
2014-06-13,285.84625789620833
2014-06-14,286.3439131338333
2014-06-15,286.446835801125
2014-06-16,283.55063982700005
2014-06-17,283.46023192499996
2014-06-18,285.55145625337497
2014-06-19,289.23047998479166
2014-06-20,289.87595324654166
2014-06-21,287.65700814837504
2014-06-22,289.1931858368334
2014-06-23,291.9204608995
2014-06-24,291.1955270570833
2014-06-25,291.580180521625
2014-06-26,290.1530175359167
2014-06-27,289.3296960935417
2014-06-28,288.8767190840834
2014-06-29,289.7237543910416
2014-06-30,289.68508468499994
2014-07-01,296.39513162033336
2014-07-02,297.3034869215
2014-07-03,292.7919831219167
2014-07-04,291.11678984075
2014-07-05,294.02446779945836
2014-07-06,295.8245833333333
2014-07-07,296.9416666666666
2014-07-08,296.7749761691667
2014-07-09,295.3379166666667
2014-07-10,292.6779166666667
2014-07-11,295.2998676160416
2014-07-12,297.13166666666666
2014-07-13,295.66208333333327
2014-07-14,294.00697609379165
2014-07-15,295.60083333333336
2014-07-16,298.0370833333333
2014-07-17,294.5966666666666
2014-07-18,291.93458333333336
2014-07-19,294.3370833333334
2014-07-20,293.8633333333333
2014-07-21,290.7079166666667
2014-07-22,292.61375000000004
2014-07-23,290.44875
2014-07-24,287.2977171939167
2014-07-25,289.11697106266666
2014-07-26,292.5587500000001
2014-07-27,294.2913984985417
2014-07-28,295.03447157333324
2014-07-29,295.80108333333334
2014-07-30,295.07069720829173
2014-07-31,296.46777319920835
2014-08-01,297.42093859870835
2014-08-02,295.44813773216663
2014-08-03,295.2711113734584
2014-08-04,298.6977870226667
2014-08-05,294.66833333333335
2014-08-06,294.2383333333333
2014-08-07,293.6987809324999
2014-08-08,291.6163391375
2014-08-09,291.19793749999997
2014-08-10,294.9124583333334
2014-08-11,299.56445833333333
2014-08-12,297.4459791666666
2014-08-13,293.4466458333333
2014-08-14,292.89370833333334
2014-08-15,293.0083958333333
2014-08-16,293.120375
2014-08-17,294.09931250000005
2014-08-18,295.29166666666674
2014-08-19,296.03
2014-08-20,292.24316666666664
2014-08-21,289.22502083333336
2014-08-22,290.61785416666663
2014-08-23,292.5171041666667
2014-08-24,293.2941458333333
2014-08-25,293.05468750000006
2014-08-26,295.21129166666657
2014-08-27,295.82095833333335
2014-08-28,294.07197916666667
2014-08-29,291.50910416666665
2014-08-30,290.0623749999999
2014-08-31,288.37487500000003
2014-09-01,288.55035416666664
2014-09-02,289.10447916666664
2014-09-03,288.171375
2014-09-04,288.1385
2014-09-05,292.4509583333334
2014-09-06,297.0237916666666
2014-09-07,294.11072916666666
2014-09-08,290.99558333333334
2014-09-09,289.74039583333325
2014-09-10,288.8566666666665
2014-09-11,290.08768749999996
2014-09-12,291.795375
2014-09-13,292.49768750000004
2014-09-14,292.1409375
2014-09-15,293.272
2014-09-16,291.7278958333333
2014-09-17,290.0010208333333
2014-09-18,290.4555208333333
2014-09-19,290.9796249999999
2014-09-20,291.661
2014-09-21,295.61308333333324
2014-09-22,292.28616666666665
2014-09-23,289.973
2014-09-24,289.61814583333336
2014-09-25,287.81402083333336
2014-09-26,286.9906875
2014-09-27,286.2079166666667
2014-09-28,287.021875
2014-09-29,286.5175208333334
2014-09-30,285.3564791666667
2014-10-01,283.90112500000004
2014-10-02,282.9773958333334
2014-10-03,285.64039583333334
2014-10-04,287.20356250000003
2014-10-05,289.08606249999997
2014-10-06,290.26668750000005
2014-10-07,290.44295833333337
2014-10-08,288.70637500000004
2014-10-09,287.1598958333333
2014-10-10,285.9636666666667
2014-10-11,287.6015625
2014-10-12,286.0304999999999
2014-10-13,284.82620833333334
2014-10-14,286.0666458333333
2014-10-15,284.2561875
2014-10-16,284.83304166666665
2014-10-17,284.4217708333333
2014-10-18,287.1415416666666
2014-10-19,286.82047916666676
2014-10-20,286.98729166666664
2014-10-21,284.53183333333334
2014-10-22,285.34566666666666
2014-10-23,284.39606249999997
2014-10-24,281.8587708333333
2014-10-25,282.89945833333337
2014-10-26,282.2516666666667
2014-10-27,281.6880208333334
2014-10-28,283.72818750000005
2014-10-29,285.60943750000007
2014-10-30,284.2880416666667
2014-10-31,284.4843333333333
2014-11-01,279.5735833333334
2014-11-02,281.02731250000005
2014-11-03,282.7899791666667
2014-11-04,284.0150625
2014-11-05,285.47016666666667
2014-11-06,285.36470833333334
2014-11-07,283.0624583333333
2014-11-08,279.64375
2014-11-09,279.5596875
2014-11-10,280.83497916666664
2014-11-11,276.2767083333334
2014-11-12,273.5057083333333
2014-11-13,272.490875
2014-11-14,271.8986666666667
2014-11-15,271.8625
2014-11-16,270.9204583333333
2014-11-17,270.60020833333334
2014-11-18,270.5980625
2014-11-19,273.39060416666666
2014-11-20,275.070875
2014-11-21,278.0803541666667
2014-11-22,281.0826666666666
2014-11-23,279.8487708333334
2014-11-24,280.9706458333333
2014-11-25,284.83185416666663
2014-11-26,285.4598541666666
2014-11-27,284.7891041666666
2014-11-28,284.11752083333334
2014-11-29,277.889125
2014-11-30,270.6031458333333
2014-12-01,270.3634583333333
2014-12-02,270.6970833333333
2014-12-03,271.84600000000006
2014-12-04,274.42114583333336
2014-12-05,275.8314791666667
2014-12-06,277.1167083333333
2014-12-07,277.9906041666666
2014-12-08,277.96454166666666
2014-12-09,284.04581249999995
2014-12-10,286.04347916666666
2014-12-11,283.7075
2014-12-12,281.86787499999997
2014-12-13,279.0176666666667
2014-12-14,275.5345208333333
2014-12-15,277.63377083333324
2014-12-16,276.8732083333333
2014-12-17,275.6459166666666
2014-12-18,278.92583333333334
2014-12-19,280.80220833333334
2014-12-20,281.1882708333333
2014-12-21,284.04091666666665
2014-12-22,282.3184166666667
2014-12-23,279.3160625
2014-12-24,279.7822083333334
2014-12-25,277.9864166666667
2014-12-26,277.35852083333333
2014-12-27,277.8634583333333
2014-12-28,278.21847916666667
2014-12-29,276.0565625
2014-12-30,270.9261458333333
2014-12-31,266.9375208333334
2015-01-01,267.76229166666667
2015-01-02,268.9787916666666
2015-01-03,273.63560416666667
2015-01-04,276.75043750000003
2015-01-05,281.4456666666667
2015-01-06,278.100375
2015-01-07,275.3380625
2015-01-08,273.9733333333333
2015-01-09,274.5969583333333
2015-01-10,273.30087499999996
2015-01-11,277.37029166666673
2015-01-12,277.30679166666664
2015-01-13,275.6784375
2015-01-14,274.46225
2015-01-15,273.90372916666666
2015-01-16,280.7122916666667
2015-01-17,277.9419791666666
2015-01-18,282.9178125
2015-01-19,280.40229166666666
2015-01-20,275.7141041666667
2015-01-21,274.54439583333334
2015-01-22,275.7106666666666
2015-01-23,278.0578125
2015-01-24,282.4235833333334
2015-01-25,281.1331666666666
2015-01-26,279.0756041666666
2015-01-27,279.285875
2015-01-28,281.6499791666667
2015-01-29,279.80920833333334
2015-01-30,276.03414583333335
2015-01-31,274.57756250000006
2015-02-01,275.93739583333337
2015-02-02,279.93350000000004
2015-02-03,278.53518749999995
2015-02-04,278.7778333333334
2015-02-05,281.22839583333337
2015-02-06,285.1734791666667
2015-02-07,283.56222916666667
2015-02-08,282.20737499999996
2015-02-09,283.10574999999994
2015-02-10,282.4545
2015-02-11,280.3446458333333
2015-02-12,280.53191666666675
2015-02-13,279.31179166666664
2015-02-14,279.073
2015-02-15,277.90618749999993
2015-02-16,281.77247916666664
2015-02-17,281.16381250000006
2015-02-18,279.02370833333333
2015-02-19,279.48699999999997
2015-02-20,280.5140833333333
2015-02-21,278.1968958333334
2015-02-22,279.36220833333334
2015-02-23,276.0763541666666
2015-02-24,276.58081250000004
2015-02-25,278.1260625
2015-02-26,279.86383333333333
2015-02-27,280.3255208333333
2015-02-28,279.39750000000004
2015-03-01,276.0566666666667
2015-03-02,278.5280208333333
2015-03-03,276.67852083333327
2015-03-04,275.4781458333333
2015-03-05,276.6801666666667
2015-03-06,279.30777083333334
2015-03-07,280.28049999999996
2015-03-08,280.81868749999995
2015-03-09,281.8901041666667
2015-03-10,280.9732916666666
2015-03-11,282.8441666666667
2015-03-12,284.5421875
2015-03-13,283.90625000000006
2015-03-14,285.2222500000001
2015-03-15,284.6195625
2015-03-16,281.4333125
2015-03-17,282.5596458333334
2015-03-18,282.54625
2015-03-19,281.3727708333334
2015-03-20,282.9718541666667
2015-03-21,282.93368749999996
2015-03-22,280.1059375
2015-03-23,278.83566666666667
2015-03-24,279.30150000000003
2015-03-25,280.7428541666667
2015-03-26,283.2896875
2015-03-27,285.1891458333333
2015-03-28,283.3945416666666
2015-03-29,282.32991666666663
2015-03-30,282.867
2015-03-31,282.1644791666667
2015-04-01,278.79670833333336
2015-04-02,278.7700208333333
2015-04-03,277.62643749999995
2015-04-04,277.45308333333327
2015-04-05,277.69060416666673
2015-04-06,279.57199999999995
2015-04-07,281.3823958333333
2015-04-08,281.3928541666666
2015-04-09,280.5206458333334
2015-04-10,281.4795833333334
2015-04-11,280.71175000000005
2015-04-12,279.3032708333333
2015-04-13,279.93614583333334
2015-04-14,277.4914999999999
2015-04-15,278.685875
2015-04-16,280.35825000000006
2015-04-17,284.1183958333333
2015-04-18,285.5594166666666
2015-04-19,286.91204166666665
2015-04-20,287.7740833333333
2015-04-21,286.4038333333333
2015-04-22,281.51820833333335
2015-04-23,280.0941666666667
2015-04-24,279.6505
2015-04-25,280.42502083333335
2015-04-26,280.4754583333334
2015-04-27,286.0033333333334
2015-04-28,287.6580069444166
2015-04-29,281.8026701389167
2015-04-30,283.26285416666667
2015-05-01,285.95883333333336
2015-05-02,285.1969375
2015-05-03,285.52018749999996
2015-05-04,286.1556041666667
2015-05-05,283.6451458333333
2015-05-06,281.4953125
2015-05-07,282.8316458333333
2015-05-08,286.8263958333333
2015-05-09,290.1480625
2015-05-10,289.30741666666665
2015-05-11,286.0162291666666
2015-05-12,282.0251458333334
2015-05-13,282.9654791666666
2015-05-14,284.09527083333336
2015-05-15,285.10993750000006
2015-05-16,284.80652083333337
2015-05-17,285.4324791666666
2015-05-18,287.8249166666667
2015-05-19,288.5729375
2015-05-20,289.45250000000004
2015-05-21,291.22174999999993
2015-05-22,289.28222916666664
2015-05-23,286.3904583333333
2015-05-24,286.0481458333333
2015-05-25,285.8209166666667
2015-05-26,285.95479166666667
2015-05-27,288.3077083333333
2015-05-28,291.01306250000005
2015-05-29,293.0225625
2015-05-30,292.0071458333333
2015-05-31,292.1760208333333
2015-06-01,290.5868541666667
2015-06-02,284.99235416666676
2015-06-03,285.57849999999996
2015-06-04,286.23468749999995
2015-06-05,290.586125
2015-06-06,294.43614583333334
2015-06-07,295.8139791666666
2015-06-08,297.9909791666666
2015-06-09,297.6662083333334
2015-06-10,292.8253958333333
2015-06-11,291.0966041666667
2015-06-12,289.2434566922918
2015-06-13,287.85582611500007
2015-06-14,290.63695733658335
2015-06-15,294.98578786049995
2015-06-16,292.73718749999995
2015-06-17,289.3880625000001
2015-06-18,292.1730625
2015-06-19,291.179839387875
2015-06-20,290.83586262179165
2015-06-21,292.59844756658333
2015-06-22,291.95464592454164
2015-06-23,291.6253669487499
2015-06-24,293.5655370365833
2015-06-25,295.87254769341666
2015-06-26,298.87013775299994
2015-06-27,299.8904166666667
2015-06-28,298.20432099954166
2015-06-29,295.76505071175
2015-06-30,296.36823772966665
2015-07-01,297.35086667320826
2015-07-02,299.3145833333334
2015-07-03,299.09999999999997
2015-07-04,297.49375000000003
2015-07-05,299.39000000000004
2015-07-06,297.2091666666667
2015-07-07,294.83916666666664
2015-07-08,295.84999999999997
2015-07-09,296.28291666666667
2015-07-10,294.02500000000003
2015-07-11,293.48625000000004
2015-07-12,293.5525098420416
2015-07-13,294.63458333333335
2015-07-14,294.39000000000004
2015-07-15,293.8041666666666
2015-07-16,293.4529166666667
2015-07-17,292.695
2015-07-18,297.70958333333334
2015-07-19,300.1008333333333
2015-07-20,296.16333333333336
2015-07-21,293.8908333333333
2015-07-22,291.0920833333334
2015-07-23,291.8066666666667
2015-07-24,293.04125000000005
2015-07-25,292.7183333333333
2015-07-26,290.3254166666667
2015-07-27,290.0029166666667
2015-07-28,292.60625
2015-07-29,297.3738001262083
2015-07-30,300.30833333333334
2015-07-31,301.025223849125
2015-08-01,298.76208333333335
2015-08-02,297.97375
2015-08-03,295.32124999999996
2015-08-04,293.79625000000004
2015-08-05,291.8943984625
2015-08-06,291.9441666666666
2015-08-07,294.03249999999997
2015-08-08,294.4116666666667
2015-08-09,293.96750000000003
2015-08-10,296.1996152822083
2015-08-11,295.57083333333344
2015-08-12,297.3133333333334
2015-08-13,295.69458333333336
2015-08-14,293.81666666666666
2015-08-15,292.02625
2015-08-16,292.19041666666664
2015-08-17,294.2903030302916
2015-08-18,296.69916666666666
2015-08-19,299.0883333333333
2015-08-20,295.12041666666664
2015-08-21,291.5370833333333
2015-08-22,291.69938886216664
2015-08-23,294.9516666666667
2015-08-24,293.1858333333334
2015-08-25,291.96750000000003
2015-08-26,293.82070009795837
2015-08-27,295.15541666666667
2015-08-28,296.14291666666674
2015-08-29,294.11837457554174
2015-08-30,290.1838570823333
2015-08-31,291.0929166666667
2015-09-01,291.53966924554175
2015-09-02,289.9935273509166
2015-09-03,287.87083333333334
2015-09-04,286.2345833333334
2015-09-05,286.8308333333333
2015-09-06,286.15416666666664
2015-09-07,288.34625
2015-09-08,291.0258333333333
2015-09-09,293.03833333333336
2015-09-10,293.15624999999994
2015-09-11,295.21583333333336
2015-09-12,296.55958333333336
2015-09-13,293.3933333333334
2015-09-14,286.82331607054164
2015-09-15,285.67958333333337
2015-09-16,287.93724633641665
2015-09-17,289.30875000000003
2015-09-18,288.8979166666667
2015-09-19,290.0775
2015-09-20,291.55625
2015-09-21,290.6343378894167
2015-09-22,286.40360719283336
2015-09-23,286.37755961029166
2015-09-24,289.4033521802917
2015-09-25,289.5017300744583
2015-09-26,287.7830064428333
2015-09-27,286.0114955835833
2015-09-28,288.39262208224994
2015-09-29,289.5035116605416
2015-09-30,288.7518877359167
2015-10-01,287.26457784204166
2015-10-02,287.8084611299583
2015-10-03,286.34947636891667
2015-10-04,288.8192477802084
2015-10-05,290.42572230016657
2015-10-06,290.40792572879167
2015-10-07,289.95185308370833
2015-10-08,289.11546673795834
2015-10-09,289.03361168370833
2015-10-10,291.1736517600833
2015-10-11,286.926959270375
2015-10-12,286.53260718395836
2015-10-13,288.08500000000004
2015-10-14,286.3958570950834
2015-10-15,287.9893450959167
2015-10-16,289.4869994625416
2015-10-17,288.37679451074996
2015-10-18,288.5860080563749
2015-10-19,288.19480846979167
2015-10-20,287.0120836754167
2015-10-21,285.17971207383334
2015-10-22,286.17634016729164
2015-10-23,282.33499451795836
2015-10-24,281.3430833333333
2015-10-25,280.2331249999999
2015-10-26,283.8474375
2015-10-27,280.94733620495833
2015-10-28,285.40693254037495
2015-10-29,286.66219663270834
2015-10-30,287.750150480875
2015-10-31,289.2638128446249
2015-11-01,285.9949226239583
2015-11-02,284.51581981912494
2015-11-03,281.53988636287505
2015-11-04,279.098277818
2015-11-05,281.8708133754166
2015-11-06,283.8484041351666
2015-11-07,282.813638701125
2015-11-08,283.6532652630001
2015-11-09,281.292538524
2015-11-10,279.6325933864583
2015-11-11,281.58106556187505
2015-11-12,279.7847426342916
2015-11-13,283.93270446058335
2015-11-14,286.8226383338333
2015-11-15,283.116209153625
2015-11-16,278.489438692375
2015-11-17,283.3280478719583
2015-11-18,281.57441692000003
2015-11-19,280.4163060431666
2015-11-20,278.368143071
2015-11-21,278.01668124941665
2015-11-22,275.1089626804583
2015-11-23,274.917484508625
2015-11-24,277.40937446587503
2015-11-25,275.98928082745834
2015-11-26,275.19095583829164
2015-11-27,275.8480442549584
2015-11-28,275.75618461824996
2015-11-29,273.81952266479175
2015-11-30,271.9418899330417
2015-12-01,275.10185571483333
2015-12-02,275.58239661387506
2015-12-03,277.62685012175
2015-12-04,281.05141310549993
2015-12-05,280.10753444345835
2015-12-06,282.15987503179167
2015-12-07,283.5230132072916
2015-12-08,287.793565110625
2015-12-09,286.25519747204163
2015-12-10,282.4717645214167
2015-12-11,280.3151990014584
2015-12-12,279.68208872054157
2015-12-13,280.5574320734167
2015-12-14,278.1670963627917
2015-12-15,276.687427065
2015-12-16,278.4130419527917
2015-12-17,278.24365028870824
2015-12-18,281.36383132579175
2015-12-19,278.756599303
2015-12-20,279.4907394662917
2015-12-21,279.55492070645835
2015-12-22,278.4448642556667
2015-12-23,277.422437062
2015-12-24,276.17445735616667
2015-12-25,275.94846237583334
2015-12-26,275.1672137
2015-12-27,275.3195453237501
2015-12-28,275.06233947650003
2015-12-29,276.09020497341675
2015-12-30,274.7088040447083
2015-12-31,274.4896769900417
2016-01-01,273.7337008883333
2016-01-02,272.7652069250417
2016-01-03,270.90432220195834
2016-01-04,272.6567608815416
2016-01-05,274.1260691151667
2016-01-06,274.62232560095833
2016-01-07,276.59223744854165
2016-01-08,275.8298934812917
2016-01-09,276.06975166233326
2016-01-10,276.98956853891667
2016-01-11,276.0989116942917
2016-01-12,277.8069087924584
2016-01-13,280.0441438145416
2016-01-14,279.06515850583327
2016-01-15,279.0303452506666
2016-01-16,280.71964605999995
2016-01-17,280.6467136519583
2016-01-18,280.255563257625
2016-01-19,280.3222000580833
2016-01-20,280.46905558245834
2016-01-21,281.09801980829167
2016-01-22,283.1893146902083
2016-01-23,281.739233639875
2016-01-24,280.28753790604156
2016-01-25,280.7252690512501
2016-01-26,282.16504836904176
2016-01-27,283.18769005358337
2016-01-28,284.71450681191664
2016-01-29,281.62657719945827
2016-01-30,278.64141988975
2016-01-31,276.82109663508334
2016-02-01,277.4581075409167
2016-02-02,277.66249615962505
2016-02-03,279.46799492887493
2016-02-04,281.4144688847917
2016-02-05,280.7772533605
2016-02-06,281.06791666666663
2016-02-07,281.9045833333333
2016-02-08,282.17375
2016-02-09,282.3847000941666
2016-02-10,281.87828373366665
2016-02-11,284.401265712
2016-02-12,283.9225308209167
2016-02-13,281.890224108
2016-02-14,283.1183364182917
2016-02-15,285.7236910896668
2016-02-16,284.032276677625
2016-02-17,283.4199344019167
2016-02-18,281.2836267589166
2016-02-19,281.3617742047083
2016-02-20,279.57930180754164
2016-02-21,278.24229364808326
2016-02-22,278.6546632231667
2016-02-23,279.25750555133334
2016-02-24,281.87572709729164
2016-02-25,281.8728255927918
2016-02-26,282.9440714387916
2016-02-27,283.95563889
2016-02-28,282.89391258874997
2016-02-29,281.42208301308335
2016-03-01,282.3912802977917
2016-03-02,282.3934201472083
2016-03-03,284.01780886029167
2016-03-04,282.8717895509583
2016-03-05,285.05670421558335
2016-03-06,284.01496587220834
2016-03-07,281.3278846810417
2016-03-08,278.9194693469166
2016-03-09,280.57359839537503
2016-03-10,284.12254799391667
2016-03-11,280.5085962477917
2016-03-12,281.28302371050006
2016-03-13,280.33163169337496
2016-03-14,279.6333804582083
2016-03-15,279.3788714259584
2016-03-16,280.97958692416665
2016-03-17,280.469009863625
2016-03-18,284.5630044741251
2016-03-19,285.2929956325834
2016-03-20,285.5636580685833
2016-03-21,283.23129783854165
2016-03-22,281.43307205474997
2016-03-23,282.3787052112917
2016-03-24,282.40234187175
2016-03-25,281.4559991914583
2016-03-26,281.20069280987497
2016-03-27,282.90616915662497
2016-03-28,279.9291513844999
2016-03-29,281.2979437850833
2016-03-30,284.5078432879584
2016-03-31,286.6555128459167
2016-04-01,287.31733243224994
2016-04-02,286.81221349437504
2016-04-03,286.1190353862917
2016-04-04,285.66880312491656
2016-04-05,283.27234214866667
2016-04-06,283.8762599934167
2016-04-07,289.74827845579165
2016-04-08,292.5990044849583
2016-04-09,287.84845552225
2016-04-10,285.37221996679165
2016-04-11,285.1039900805833
2016-04-12,285.51947537533334
2016-04-13,283.25699609500003
2016-04-14,282.4669156529167
2016-04-15,282.4211001232917
2016-04-16,283.6995662059166
2016-04-17,288.7041127017083
2016-04-18,293.45204360708334
2016-04-19,293.1466858680415
2016-04-20,291.83003679995824
2016-04-21,290.16125
2016-04-22,286.78648505787504
2016-04-23,285.68887134412506
2016-04-24,284.42009074308334
2016-04-25,281.7165157292917
2016-04-26,281.7756395607917
2016-04-27,283.9999588314167
2016-04-28,284.1999161773751
2016-04-29,285.12291666666664
2016-04-30,284.34749999999997
2016-05-01,289.09708333333333
2016-05-02,293.3083333333334
2016-05-03,291.2891666666667
2016-05-04,287.2079166666667
2016-05-05,287.5420833333333
2016-05-06,290.24875000000003
2016-05-07,293.75791666666663
2016-05-08,288.65250000000003
2016-05-09,285.7404166666667
2016-05-10,288.2995833333334
2016-05-11,291.4479166666667
2016-05-12,291.78916666666674
2016-05-13,291.6941666666667
2016-05-14,288.45666666666654
2016-05-15,285.2616666666667
2016-05-16,286.11846456191665
2016-05-17,287.95125
2016-05-18,289.88916666666665
2016-05-19,285.29208333333327
2016-05-20,284.31666666666666
2016-05-21,285.79249999999996
2016-05-22,285.5995833333333
2016-05-23,286.65333333333325
2016-05-24,288.29138542383345
2016-05-25,287.93762425908335
2016-05-26,286.7920223479167
2016-05-27,285.64838919133337
2016-05-28,286.05164380491664
2016-05-29,288.89468671208334
2016-05-30,287.7914462004167
2016-05-31,292.0829340160833
2016-06-01,293.496994166375
2016-06-02,290.38650758887485
2016-06-03,291.8870833333333
2016-06-04,298.4841666666667
2016-06-05,300.0804166666666
2016-06-06,297.64624999999995
2016-06-07,295.70708333333334
2016-06-08,293.17875000000004
2016-06-09,288.32041666666674
2016-06-10,285.7308333333334
2016-06-11,286.43249999999995
2016-06-12,287.86958333333337
2016-06-13,287.6325
2016-06-14,284.405
2016-06-15,283.90650525425
2016-06-16,285.01000000000005
2016-06-17,286.81916666666666
2016-06-18,287.3533333333333
2016-06-19,287.38666666666666
2016-06-20,292.32583333333326
2016-06-21,289.96666666666664
2016-06-22,290.5070833333333
2016-06-23,288.8495833333334
2016-06-24,287.34541666666667
2016-06-25,289.4158333333333
2016-06-26,293.8954166666666
2016-06-27,296.4041666666667
2016-06-28,292.42375
2016-06-29,291.13333333333327
2016-06-30,290.85802083333334
2016-07-01,291.1720833333333
2016-07-02,294.0037499999999
2016-07-03,291.87958333333336
2016-07-04,289.5445833333334
2016-07-05,289.2304166666666
2016-07-06,290.80833333333334
2016-07-07,292.0779166666667
2016-07-08,290.3525
2016-07-09,290.0025
2016-07-10,289.42749999999995
2016-07-11,290.4008333333333
2016-07-12,291.421761964625
2016-07-13,291.87700815095826
2016-07-14,291.20370833333334
2016-07-15,289.9548333333333
2016-07-16,290.1583749999999
2016-07-17,291.73033333333336
2016-07-18,291.0272500000001
2016-07-19,295.18800000000005
2016-07-20,295.23962500000005
2016-07-21,293.46225
2016-07-22,291.76208333333335
2016-07-23,291.19416666666666
2016-07-24,292.23375000000004
2016-07-25,295.30958333333336
2016-07-26,294.01458333333335
2016-07-27,293.6045833333334
2016-07-28,296.24666666666667
2016-07-29,298.21375000000006
2016-07-30,294.23958333333337
2016-07-31,291.06041666666664
2016-08-01,290.5029166666667
2016-08-02,291.36583333333334
2016-08-03,291.2725
2016-08-04,295.05541666666676
2016-08-05,294.9045833333334
2016-08-06,290.2858333333333
2016-08-07,290.40125
2016-08-08,289.365
2016-08-09,288.9496249999999
2016-08-10,291.23816666666664
2016-08-11,293.8304166666666
2016-08-12,297.53625
2016-08-13,298.98791666666665
2016-08-14,296.0120833333333
2016-08-15,294.28625000000005
2016-08-16,293.6070833333334
2016-08-17,293.3304166666666
2016-08-18,295.82208333333335
2016-08-19,301.0299999999999
2016-08-20,299.8029166666667
2016-08-21,294.9654166666666
2016-08-22,289.85125000000005
2016-08-23,290.905
2016-08-24,294.99698518062496
2016-08-25,297.7595833333333
2016-08-26,298.4125
2016-08-27,296.1929166666667
2016-08-28,291.8008333333333
2016-08-29,293.25208333333336
2016-08-30,290.8429166666667
2016-08-31,290.0954166666667
2016-09-01,288.94529730712503
2016-09-02,289.1429166666666
2016-09-03,287.57874999999996
2016-09-04,287.65208333333334
2016-09-05,288.2495833333333
2016-09-06,288.9583333333334
2016-09-07,290.1075
2016-09-08,291.1770833333334
2016-09-09,289.7720833333334
2016-09-10,292.8104166666667
2016-09-11,290.6545833333333
2016-09-12,289.09666666666664
2016-09-13,290.5147903427083
2016-09-14,290.07666666666665
2016-09-15,289.8719692816667
2016-09-16,290.7879166666667
2016-09-17,290.4354166666667
2016-09-18,289.710462938875
2016-09-19,287.55208333333337
2016-09-20,287.3837180458333
2016-09-21,287.3346946645417
2016-09-22,286.6540531224584
2016-09-23,285.63916666666665
2016-09-24,286.10875
2016-09-25,288.6388808566667
2016-09-26,293.60315748625004
2016-09-27,292.48070094295826
2016-09-28,289.2449999999999
2016-09-29,287.85791666666665
2016-09-30,285.2683333333333
2016-10-01,285.74875
2016-10-02,284.2783333333333
2016-10-03,283.69458333333336
2016-10-04,285.03833333333336
2016-10-05,284.3122916666666
2016-10-06,284.01708333333335
2016-10-07,284.8085833333334
2016-10-08,287.69960017566666
2016-10-09,286.82025
2016-10-10,282.40541666666667
2016-10-11,280.271125
2016-10-12,281.11425
2016-10-13,285.2676666666667
2016-10-14,284.2734391622916
2016-10-15,284.64834785299996
2016-10-16,283.72000440662504
2016-10-17,282.97970833333335
2016-10-18,282.96850000000006
2016-10-19,281.71430724966666
2016-10-20,284.420525714
2016-10-21,282.5366024551667
2016-10-22,283.4179166666667
2016-10-23,283.59404166666667
2016-10-24,284.6878749999999
2016-10-25,284.4876666666667
2016-10-26,284.828375
2016-10-27,284.3824583333333
2016-10-28,283.9892916666667
2016-10-29,283.0330833333332
2016-10-30,280.73670833333335
2016-10-31,283.0057083333334
2016-11-01,283.4714583333333
2016-11-02,285.8066666666667
2016-11-03,286.1254166666667
2016-11-04,284.5275
2016-11-05,286.5266666666667
2016-11-06,285.76875
2016-11-07,286.59875
2016-11-08,285.3229166666667
2016-11-09,286.3895833333333
2016-11-10,285.39833333333337
2016-11-11,286.20875000000007
2016-11-12,287.44208333333336
2016-11-13,284.27000000000004
2016-11-14,286.0183333333334
2016-11-15,286.04333333333335
2016-11-16,281.48583333333335
2016-11-17,280.7783333333334
2016-11-18,279.84250000000003
2016-11-19,282.38916666666654
2016-11-20,283.81749999999994
2016-11-21,283.6658333333333
2016-11-22,281.36041666666665
2016-11-23,281.38500000000005
2016-11-24,282.3642713180833
2016-11-25,281.9408333333333
2016-11-26,282.5941666666667
2016-11-27,280.5529166666667
2016-11-28,281.3837499999999
2016-11-29,281.0220833333333
2016-11-30,281.24503106912505
2016-12-01,279.25875
2016-12-02,280.0847835835417
2016-12-03,281.15708333333333
2016-12-04,281.24986148745825
2016-12-05,276.5167758985
2016-12-06,276.08292835033336
2016-12-07,272.6831076816666
2016-12-08,274.1858333333334
2016-12-09,273.42625000000004
2016-12-10,274.9366666666667
2016-12-11,279.2504166666667
2016-12-12,278.56
2016-12-13,276.45362500000005
2016-12-14,274.36058333333335
2016-12-15,271.64916666666664
2016-12-16,271.7714500241251
2016-12-17,271.610000636625
2016-12-18,272.467092599625
2016-12-19,274.3846096552916
2016-12-20,281.1954166666667
2016-12-21,275.4920833333333
2016-12-22,273.6395833333334
2016-12-23,277.2808333333333
2016-12-24,275.00083333333333
2016-12-25,275.90083333333325
2016-12-26,274.23
2016-12-27,278.09083333333336
2016-12-28,276.95000000000005
2016-12-29,276.24833333333333
2016-12-30,277.2208333333333
2016-12-31,274.38375
2017-01-01,275.39624999999995
2017-01-02,274.17458333333326
2017-01-03,272.56
2017-01-04,271.85374999999993
2017-01-05,270.20375000000007
2017-01-06,268.67875
2017-01-07,270.23625
2017-01-08,272.0879166666667
2017-01-09,274.32458333333335
2017-01-10,275.9529166666667
2017-01-11,273.1216666666666
2017-01-12,271.0645833333333
2017-01-13,267.97625
2017-01-14,268.46999999999997
2017-01-15,268.76166666666666
2017-01-16,269.73833333333334
2017-01-17,271.2433333333334
2017-01-18,277.0441666666666
2017-01-19,280.04625
2017-01-20,278.77125
2017-01-21,278.23499999999996
2017-01-22,279.24249999999995
2017-01-23,277.7120833333334
2017-01-24,275.5371666666666
2017-01-25,276.05337499999996
2017-01-26,278.5154166666667
2017-01-27,276.8458333333333
2017-01-28,276.5883333333333
2017-01-29,276.33958333333334
2017-01-30,278.2966666666667
2017-01-31,278.37875
2017-02-01,276.4058333333334
2017-02-02,276.18916666666667
2017-02-03,274.26875
2017-02-04,277.41875
2017-02-05,279.3029166666667
2017-02-06,276.03625000000005
2017-02-07,276.00000000000006
2017-02-08,276.50833333333327
2017-02-09,280.5570833333333
2017-02-10,282.65416666666664
2017-02-11,278.38416666666666
2017-02-12,277.59
2017-02-13,277.9358015832916
2017-02-14,275.40557318979165
2017-02-15,280.7712916666666
2017-02-16,283.64320833333335
2017-02-17,279.7487916666667
2017-02-18,279.3161666666668
2017-02-19,277.65662500000013
2017-02-20,278.04545833333333
2017-02-21,278.1141660206666
2017-02-22,277.0091666666666
2017-02-23,276.1716666666666
2017-02-24,276.0966666666667
2017-02-25,276.1929166666667
2017-02-26,277.90791666666667
2017-02-27,276.6958333333334
2017-02-28,277.80666666666673
2017-03-01,280.61125
2017-03-02,280.01124999999996
2017-03-03,281.7266666666667
2017-03-04,279.16333333333324
2017-03-05,277.6629166666667
2017-03-06,276.4095833333333
2017-03-07,278.69791666666663
2017-03-08,280.6391666666666
2017-03-09,280.4025
2017-03-10,285.88916666666677
2017-03-11,282.3641666666667
2017-03-12,284.36625
2017-03-13,284.80488519470833
2017-03-14,285.56249999999994
2017-03-15,285.22899509804165
2017-03-16,281.4858333333333
2017-03-17,279.68958333333336
2017-03-18,282.4566666666667
2017-03-19,278.95625
2017-03-20,282.09666666666675
2017-03-21,282.070392890125
2017-03-22,283.4916666666666
2017-03-23,281.67375
2017-03-24,282.82874999999996
2017-03-25,281.845
2017-03-26,281.4854166666666
2017-03-27,282.1383333333333
2017-03-28,282.79666666666674
2017-03-29,284.19666666666666
2017-03-30,282.52166666666665
2017-03-31,281.8325
2017-04-01,283.76624999999996
2017-04-02,282.82250000000005
2017-04-03,280.43083333333334
2017-04-04,283.1379166666667
2017-04-05,284.53541666666666
2017-04-06,283.97018895008335
2017-04-07,285.39400938629177
2017-04-08,281.11708333333337
2017-04-09,280.7395833333333
2017-04-10,282.2616666666667
2017-04-11,281.285
2017-04-12,284.32208333333324
2017-04-13,281.4641174822082
2017-04-14,281.55625
2017-04-15,281.18625000000003
2017-04-16,284.54749999999996
2017-04-17,285.44791666666663
2017-04-18,285.4966666666666
2017-04-19,284.22666666666663
2017-04-20,283.3554166666666
2017-04-21,283.38624999999996
2017-04-22,288.65875
2017-04-23,284.4995833333333
2017-04-24,282.51208333333324
2017-04-25,283.0216666666666
2017-04-26,284.2679166666666
2017-04-27,282.31333333333333
2017-04-28,281.88416666666666
2017-04-29,283.59791666666666
2017-04-30,285.4108333333333
2017-05-01,282.0354166666666
2017-05-02,285.1979166666667
2017-05-03,289.7666666666666
2017-05-04,294.5466666666667
2017-05-05,288.9933333333334
2017-05-06,283.1116666666666
2017-05-07,284.21791666666667
2017-05-08,286.0991666666666
2017-05-09,288.28291666666667
2017-05-10,288.7354166666667
2017-05-11,288.4883333333333
2017-05-12,283.1891666666666
2017-05-13,282.54875
2017-05-14,283.2220833333334
2017-05-15,284.2045833333334
2017-05-16,283.98749999999995
2017-05-17,283.50833333333327
2017-05-18,284.94541666666674
2017-05-19,290.0620833333333
2017-05-20,289.69
2017-05-21,291.35499999999996
2017-05-22,295.61875000000003
2017-05-23,296.66291666666666
2017-05-24,287.67749999999995
2017-05-25,286.64416666666665
2017-05-26,291.15541666666667
2017-05-27,293.9241666666667
2017-05-28,293.44541666666674
2017-05-29,290.0266666666666
2017-05-30,288.335
2017-05-31,288.80916666666667
2017-06-01,291.1666666666667
2017-06-02,289.7916666666667
2017-06-03,289.77208333333334
2017-06-04,287.97625
2017-06-05,287.51208333333335
2017-06-06,292.63166666666666
2017-06-07,292.06166666666667
2017-06-08,290.57874999999996
2017-06-09,286.86875
2017-06-10,285.2041666666667
2017-06-11,286.86999999999995
2017-06-12,287.6166666666666
2017-06-13,286.4916666666666
2017-06-14,286.8304166666666
2017-06-15,287.9795833333333
2017-06-16,289.27416666666664
2017-06-17,289.0266666666666
2017-06-18,291.79291666666666
2017-06-19,294.98449999999997
2017-06-20,294.82541666666674
2017-06-21,289.5653333333333
2017-06-22,291.3166666666667
2017-06-23,295.2741666666666
2017-06-24,298.5370833333333
2017-06-25,301.2033333333333
2017-06-26,294.64621436925
2017-06-27,290.69666666666666
2017-06-28,290.46374999999995
2017-06-29,290.37999999999994
2017-06-30,294.02916666666664
2017-07-01,290.9258333333333
2017-07-02,291.510852045625
2017-07-03,291.9916666666667
2017-07-04,291.66874999999993
2017-07-05,294.87166666666667
2017-07-06,293.40166666666664
2017-07-07,292.59166666666664
2017-07-08,290.85625
2017-07-09,294.32375
2017-07-10,293.0498941675416
2017-07-11,290.0683333333333
2017-07-12,292.28875
2017-07-13,292.41666666666663
2017-07-14,292.10833333333335
2017-07-15,293.8262499999999
2017-07-16,291.3070833333333
2017-07-17,291.70583333333326
2017-07-18,293.8129166666667
2017-07-19,292.6641666666666
2017-07-20,292.42875
2017-07-21,291.91624999999993
2017-07-22,295.9279166666666
2017-07-23,296.7416666666665
2017-07-24,294.28916666666663
2017-07-25,295.96666666666664
2017-07-26,295.9458333333334
2017-07-27,293.1654166666667
2017-07-28,292.1987500000001
2017-07-29,293.19749999999993
2017-07-30,295.80833333333334
2017-07-31,296.0820833333333
2017-08-01,298.2691666666666
2017-08-02,301.1645416666666
2017-08-03,301.78041666666667
2017-08-04,300.43750000000006
2017-08-05,295.3054166666667
2017-08-06,295.09625
2017-08-07,296.6516666666667
2017-08-08,296.1566666666667
2017-08-09,297.1658333333334
2017-08-10,296.7279166666667
2017-08-11,295.52166666666665
2017-08-12,293.3079166666667
2017-08-13,292.8049999999999
2017-08-14,289.93458333333325
2017-08-15,291.1691666666666
2017-08-16,292.859125
2017-08-17,293.93666666666667
2017-08-18,292.90749999999997
2017-08-19,293.00541666666663
2017-08-20,292.02291666666673
2017-08-21,294.24166666666673
2017-08-22,296.1070833333334
2017-08-23,294.6933333333333
2017-08-24,293.1666666666667
2017-08-25,290.9579166666667
2017-08-26,293.84166666666664
2017-08-27,296.8370833333333
2017-08-28,297.19958333333335
2017-08-29,297.0041666666667
2017-08-30,292.86166666666674
2017-08-31,294.41
2017-09-01,294.78833333333324
2017-09-02,297.55083333333334
2017-09-03,298.78125
2017-09-04,297.33416666666665
2017-09-05,298.49833333333333
2017-09-06,295.9708333333333
2017-09-07,295.56958333333324
2017-09-08,294.2204166666667
2017-09-09,293.3358333333333
2017-09-10,291.6108333333333
2017-09-11,293.07250000000005
2017-09-12,296.2616666666666
2017-09-13,290.4095833333333
2017-09-14,290.6875
2017-09-15,289.54875
2017-09-16,290.26333333333326
2017-09-17,290.095
2017-09-18,287.1308333333332
2017-09-19,286.08083333333326
2017-09-20,286.08500000000004
2017-09-21,284.3790798948333
2017-09-22,285.70166666666665
2017-09-23,287.5641666666667
2017-09-24,287.5125
2017-09-25,289.18833333333333
2017-09-26,290.815
2017-09-27,293.46916666666664
2017-09-28,293.60210595512496
2017-09-29,290.93875
2017-09-30,285.9166666666667
2017-10-01,286.72874999999993
2017-10-02,285.2695833333333
2017-10-03,285.95500000000004
2017-10-04,286.1191666666667
2017-10-05,285.5045833333334
2017-10-06,285.80041666666665
2017-10-07,288.29875
2017-10-08,285.485
2017-10-09,283.2945833333333
2017-10-10,283.7195833333334
2017-10-11,282.3491666666666
2017-10-12,282.5195833333334
2017-10-13,282.29749999999996
2017-10-14,279.833
2017-10-15,282.3725
2017-10-16,282.84833333333336
2017-10-17,282.9941666666667
2017-10-18,284.90625000000006
2017-10-19,287.29124999999993
2017-10-20,283.5945833333332
2017-10-21,282.79916666666674
2017-10-22,288.09625
2017-10-23,284.71750000000003
2017-10-24,286.22416666666663
2017-10-25,284.3604166666666
2017-10-26,287.44374999999997
2017-10-27,287.6041666666667
2017-10-28,286.04791666666665
2017-10-29,284.92
2017-10-30,285.61583333333334
2017-10-31,281.7129166666667
2017-11-01,283.1458333333334
2017-11-02,283.1091666666666
2017-11-03,280.53416666666664
2017-11-04,279.0658333333334
2017-11-05,281.01125
2017-11-06,278.73375000000004
2017-11-07,278.51
2017-11-08,279.9125217467083
2017-11-09,281.02186184883334
2017-11-10,281.3816666666668
2017-11-11,281.4254501775416
2017-11-12,283.6233333333333
2017-11-13,283.9750000000001
2017-11-14,282.5529166666667
2017-11-15,283.47612128691657
2017-11-16,280.3662499999999
2017-11-17,280.07125
2017-11-18,279.7041666666666
2017-11-19,278.0920833333334
2017-11-20,283.29583333333335
2017-11-21,281.8766666666666
2017-11-22,285.44791666666663
2017-11-23,288.38666666666677
2017-11-24,282.54375
2017-11-25,279.2933333333334
2017-11-26,281.5883333333333
2017-11-27,279.92249999999996
2017-11-28,280.0858333333332
2017-11-29,279.86083333333335
2017-11-30,282.28
